"state","Management","Year","Diet","Location","biomass.kgha","prod_yr_kgha","prod_yr_F0.2","net.turn","net.turnF"
"Shifted","Protected",1994,"FisCep","Cousin Carbonate",147.537646,42.006719,42.006719,28.47186472,28.47186472
"Shifted","Protected",2005,"FisCep","Cousin Carbonate",125.2933828,9.006234018,9.006234018,7.188116256,7.188116256
"Shifted","Protected",2008,"FisCep","Cousin Carbonate",25.21192492,9.940575185,9.940575185,39.42806913,39.42806913
"Shifted","Protected",2011,"FisCep","Cousin Carbonate",51.38505411,11.61363314,11.61363314,22.60118889,22.60118889
"Shifted","Protected",2014,"FisCep","Cousin Carbonate",29.3905781,10.23678825,10.23678825,34.83016978,34.83016978
"Shifted","Protected",1994,"HerDet","Cousin Carbonate",210.8995056,64.03184755,64.03184755,30.36130756,30.36130756
"Shifted","Protected",2005,"HerDet","Cousin Carbonate",485.0080948,115.7072749,115.7072749,23.85677191,23.85677191
"Shifted","Protected",2008,"HerDet","Cousin Carbonate",238.4489432,53.60620047,53.60620047,22.48120699,22.48120699
"Shifted","Protected",2011,"HerDet","Cousin Carbonate",394.7497487,101.965005,101.965005,25.83029005,25.83029005
"Shifted","Protected",2014,"HerDet","Cousin Carbonate",284.8286976,70.53994807,70.53994807,24.76574469,24.76574469
"Shifted","Protected",1994,"HerMac","Cousin Carbonate",4.978991091,5.227634963,5.227634963,104.9938606,104.9938606
"Shifted","Protected",2005,"HerMac","Cousin Carbonate",205.2502826,28.61991546,28.61991546,13.94391038,13.94391038
"Shifted","Protected",2008,"HerMac","Cousin Carbonate",335.3578377,87.41423377,87.41423377,26.0659582,26.0659582
"Shifted","Protected",2011,"HerMac","Cousin Carbonate",129.7776611,53.97416436,53.97416436,41.58971884,41.58971884
"Shifted","Protected",2014,"HerMac","Cousin Carbonate",241.242041,120.4983129,120.4983129,49.94913508,49.94913508
"Shifted","Protected",1994,"InvMob","Cousin Carbonate",126.1013305,36.02198881,36.02198881,28.56590701,28.56590701
"Shifted","Protected",2005,"InvMob","Cousin Carbonate",97.84481238,39.91231398,39.91231398,40.79144618,40.79144618
"Shifted","Protected",2008,"InvMob","Cousin Carbonate",92.54848229,34.94046292,34.94046292,37.75368547,37.75368547
"Shifted","Protected",2011,"InvMob","Cousin Carbonate",142.6524295,57.62334629,57.62334629,40.39422708,40.39422708
"Shifted","Protected",2014,"InvMob","Cousin Carbonate",125.3567024,53.13454935,53.13454935,42.38668404,42.38668404
"Shifted","Protected",1994,"FisCep","Cousin Granite",134.2502527,50.87498689,50.87498689,37.89563585,37.89563585
"Shifted","Protected",2005,"FisCep","Cousin Granite",20.9444867,7.295373927,7.295373927,34.83195379,34.83195379
"Shifted","Protected",2008,"FisCep","Cousin Granite",68.81348832,26.80259478,26.80259478,38.94962374,38.94962374
"Shifted","Protected",2011,"FisCep","Cousin Granite",57.6414545,16.21430162,16.21430162,28.12958444,28.12958444
"Shifted","Protected",2014,"FisCep","Cousin Granite",25.04495529,12.3106092,12.3106092,49.15404742,49.15404742
"Shifted","Protected",1994,"HerDet","Cousin Granite",169.0719947,57.1244566,57.1244566,33.78706019,33.78706019
"Shifted","Protected",2005,"HerDet","Cousin Granite",183.0429006,35.46976559,35.46976559,19.37784283,19.37784283
"Shifted","Protected",2008,"HerDet","Cousin Granite",368.8357379,66.39827522,66.39827522,18.00212626,18.00212626
"Shifted","Protected",2011,"HerDet","Cousin Granite",396.7206829,105.5684008,105.5684008,26.61025888,26.61025888
"Shifted","Protected",2014,"HerDet","Cousin Granite",254.4130514,63.03187707,63.03187707,24.77541019,24.77541019
"Shifted","Protected",1994,"HerMac","Cousin Granite",38.2168368,7.317739317,7.317739317,19.14794612,19.14794612
"Shifted","Protected",2005,"HerMac","Cousin Granite",76.76142958,14.87623054,14.87623054,19.37982476,19.37982476
"Shifted","Protected",2008,"HerMac","Cousin Granite",5.116490456,3.055916343,3.055916343,59.72680628,59.72680628
"Shifted","Protected",2011,"HerMac","Cousin Granite",128.5920335,45.60410055,45.60410055,35.46417248,35.46417248
"Shifted","Protected",2014,"HerMac","Cousin Granite",235.8699486,94.64151739,94.64151739,40.12444907,40.12444907
"Shifted","Protected",1994,"InvMob","Cousin Granite",171.6809899,52.05617743,52.05617743,30.32145693,30.32145693
"Shifted","Protected",2005,"InvMob","Cousin Granite",99.11222761,35.99807031,35.99807031,36.32051381,36.32051381
"Shifted","Protected",2008,"InvMob","Cousin Granite",223.9016252,77.43151124,77.43151124,34.58282679,34.58282679
"Shifted","Protected",2011,"InvMob","Cousin Granite",117.04519,51.26117554,51.26117554,43.79605477,43.79605477
"Shifted","Protected",2014,"InvMob","Cousin Granite",138.1817933,54.23252315,54.23252315,39.24722778,39.24722778
"Shifted","Protected",1994,"FisCep","Cousin Patch",144.2068362,34.92850728,34.92850728,24.22111753,24.22111753
"Shifted","Protected",2005,"FisCep","Cousin Patch",18.01625025,9.084617186,9.084617186,50.4245726,50.4245726
"Shifted","Protected",2008,"FisCep","Cousin Patch",39.67372982,7.875647141,7.875647141,19.85103789,19.85103789
"Shifted","Protected",2011,"FisCep","Cousin Patch",76.3843234,27.17827594,27.17827594,35.58096051,35.58096051
"Shifted","Protected",2014,"FisCep","Cousin Patch",24.84576376,9.599224373,9.599224373,38.63525576,38.63525576
"Shifted","Protected",1994,"HerDet","Cousin Patch",162.607149,53.85090573,53.85090573,33.11718215,33.11718215
"Shifted","Protected",2005,"HerDet","Cousin Patch",173.4353161,33.49627009,33.49627009,19.31340793,19.31340793
"Shifted","Protected",2008,"HerDet","Cousin Patch",370.6516504,84.92633909,84.92633909,22.91271035,22.91271035
"Shifted","Protected",2011,"HerDet","Cousin Patch",530.1015463,132.7473757,132.7473757,25.04187672,25.04187672
"Shifted","Protected",2014,"HerDet","Cousin Patch",449.5926928,138.9202792,138.9202792,30.89914081,30.89914081
"Shifted","Protected",1994,"HerMac","Cousin Patch",69.35976752,16.2819149,16.2819149,23.47458113,23.47458113
"Shifted","Protected",2005,"HerMac","Cousin Patch",44.64921837,11.11862845,11.11862845,24.90217938,24.90217938
"Shifted","Protected",2008,"HerMac","Cousin Patch",138.6874063,59.6450967,59.6450967,43.00685857,43.00685857
"Shifted","Protected",2011,"HerMac","Cousin Patch",315.080138,155.3848962,155.3848962,49.31599216,49.31599216
"Shifted","Protected",2014,"HerMac","Cousin Patch",276.6151418,119.6567072,119.6567072,43.25746828,43.25746828
"Shifted","Protected",1994,"InvMob","Cousin Patch",315.4278541,68.2559671,68.2559671,21.63916921,21.63916921
"Shifted","Protected",2005,"InvMob","Cousin Patch",101.7869378,38.68806305,38.68806305,38.00886823,38.00886823
"Shifted","Protected",2008,"InvMob","Cousin Patch",78.17809894,46.02428154,46.02428154,58.87106769,58.87106769
"Shifted","Protected",2011,"InvMob","Cousin Patch",200.002912,59.88847391,59.88847391,29.94380098,29.94380098
"Shifted","Protected",2014,"InvMob","Cousin Patch",65.96703441,28.76212634,28.76212634,43.60075695,43.60075695
"Shifted","Fished",1994,"FisCep","Mahe E Carbonate",62.03769283,21.34015127,19.44426475,34.39868618,31.34266261
"Shifted","Fished",2005,"FisCep","Mahe E Carbonate",18.26403013,1.116413243,1.005489296,6.112633602,5.505298055
"Shifted","Fished",2008,"FisCep","Mahe E Carbonate",48.77947663,20.99999705,19.30827805,43.05088635,39.58279051
"Shifted","Fished",2011,"FisCep","Mahe E Carbonate",0,0,0,NA,NA
"Shifted","Fished",2014,"FisCep","Mahe E Carbonate",16.70008343,10.48063281,9.462426315,62.75796677,56.66095235
"Shifted","Fished",2017,"FisCep","Mahe E Carbonate",25.408973,15.58428248,13.96760702,61.33377559,54.9711593
"Shifted","Fished",1994,"HerDet","Mahe E Carbonate",155.6366257,54.93390835,53.16234617,35.2962602,34.15799202
"Shifted","Fished",2005,"HerDet","Mahe E Carbonate",149.652601,49.17831352,47.28045902,32.8616497,31.59347629
"Shifted","Fished",2008,"HerDet","Mahe E Carbonate",250.3763045,75.59182121,72.71756687,30.19128401,29.04331023
"Shifted","Fished",2011,"HerDet","Mahe E Carbonate",211.4062833,64.54503599,61.09845524,30.53127607,28.90096467
"Shifted","Fished",2014,"HerDet","Mahe E Carbonate",204.3162675,64.10791555,61.6732195,31.37680438,30.18517334
"Shifted","Fished",2017,"HerDet","Mahe E Carbonate",213.2357898,72.40769965,68.32682571,33.95663539,32.04285068
"Shifted","Fished",1994,"HerMac","Mahe E Carbonate",0,0,0,NA,NA
"Shifted","Fished",2005,"HerMac","Mahe E Carbonate",34.4249522,4.925493561,4.921518324,14.30791692,14.29636938
"Shifted","Fished",2008,"HerMac","Mahe E Carbonate",0,0,0,NA,NA
"Shifted","Fished",2011,"HerMac","Mahe E Carbonate",4.731100148,1.605154554,1.544092288,33.92772301,32.63706621
"Shifted","Fished",2014,"HerMac","Mahe E Carbonate",0,0,0,NA,NA
"Shifted","Fished",2017,"HerMac","Mahe E Carbonate",54.12498228,17.17010888,16.14363629,31.72307529,29.82658951
"Shifted","Fished",1994,"InvMob","Mahe E Carbonate",87.32793613,35.38831328,33.50133279,40.52347376,38.36267554
"Shifted","Fished",2005,"InvMob","Mahe E Carbonate",72.5521434,28.22501173,28.10629748,38.90307082,38.73944471
"Shifted","Fished",2008,"InvMob","Mahe E Carbonate",185.3695981,74.02699989,71.40947908,39.93481166,38.52275659
"Shifted","Fished",2011,"InvMob","Mahe E Carbonate",50.99970224,25.91578166,25.76985519,50.81555484,50.52942283
"Shifted","Fished",2014,"InvMob","Mahe E Carbonate",54.84705793,30.23537243,29.90069512,55.12669881,54.51649778
"Shifted","Fished",2017,"InvMob","Mahe E Carbonate",119.2230253,40.69642155,39.42340197,34.13469959,33.0669364
"Shifted","Fished",1994,"FisCep","Mahe E Granite",19.07659706,7.565021258,6.509339481,39.65603107,34.12212073
"Shifted","Fished",2005,"FisCep","Mahe E Granite",37.54897378,10.63085116,9.300523767,28.31196192,24.76904914
"Shifted","Fished",2008,"FisCep","Mahe E Granite",29.33213941,14.4426252,12.70610741,49.23822635,43.31803839
"Shifted","Fished",2011,"FisCep","Mahe E Granite",6.645374983,4.192431491,4.192431491,63.0879597,63.0879597
"Shifted","Fished",2014,"FisCep","Mahe E Granite",5.145750591,3.457409399,3.065908534,67.1896031,59.5813668
"Shifted","Fished",2017,"FisCep","Mahe E Granite",1.648604854,1.39786725,1.39786725,84.79092168,84.79092168
"Shifted","Fished",1994,"HerDet","Mahe E Granite",97.60381745,39.35979369,38.01376,40.32608018,38.94700125
"Shifted","Fished",2005,"HerDet","Mahe E Granite",112.7889419,37.5586178,36.36557947,33.29991148,32.24214968
"Shifted","Fished",2008,"HerDet","Mahe E Granite",238.2981579,56.58704338,53.50345177,23.74632011,22.45231447
"Shifted","Fished",2011,"HerDet","Mahe E Granite",203.0517341,64.76387946,61.60138077,31.89526045,30.33777625
"Shifted","Fished",2014,"HerDet","Mahe E Granite",142.2875659,54.2094087,52.51893091,38.09848623,36.91041489
"Shifted","Fished",2017,"HerDet","Mahe E Granite",130.4221214,44.90990685,42.16194922,34.4342711,32.32729907
"Shifted","Fished",1994,"HerMac","Mahe E Granite",3.798581102,3.043702414,2.981715267,80.12735104,78.495501
"Shifted","Fished",2005,"HerMac","Mahe E Granite",6.916657931,1.894605676,1.70457634,27.39192389,24.64450833
"Shifted","Fished",2008,"HerMac","Mahe E Granite",0,0,0,NA,NA
"Shifted","Fished",2011,"HerMac","Mahe E Granite",88.42356669,33.27229591,31.47133399,37.6283124,35.59156814
"Shifted","Fished",2014,"HerMac","Mahe E Granite",118.5959673,32.26928484,30.08880351,27.20942843,25.37084878
"Shifted","Fished",2017,"HerMac","Mahe E Granite",44.9083944,9.171005096,8.58661318,20.42158313,19.12028541
"Shifted","Fished",1994,"InvMob","Mahe E Granite",115.4910386,32.41898523,31.81537074,28.07056342,27.54791293
"Shifted","Fished",2005,"InvMob","Mahe E Granite",91.64005636,18.6710463,18.5628342,20.3743287,20.25624486
"Shifted","Fished",2008,"InvMob","Mahe E Granite",108.88841,39.23336098,38.37282469,36.03079609,35.24050418
"Shifted","Fished",2011,"InvMob","Mahe E Granite",94.71904973,40.29514986,39.69731625,42.54175899,41.91059387
"Shifted","Fished",2014,"InvMob","Mahe E Granite",84.09806897,34.68413152,34.10102199,41.24248267,40.54911415
"Shifted","Fished",2017,"InvMob","Mahe E Granite",96.36017324,36.54304918,35.31845323,37.92339506,36.65254227
"Recovering","Fished",1994,"FisCep","Mahe E Patch",34.72132852,18.48010116,16.69636028,53.22406126,48.08675531
"Recovering","Fished",2005,"FisCep","Mahe E Patch",10.69847018,8.544889565,8.467038084,79.87020029,79.14251232
"Recovering","Fished",2008,"FisCep","Mahe E Patch",16.69746215,8.730699556,7.961128611,52.28758405,47.6786744
"Recovering","Fished",2011,"FisCep","Mahe E Patch",1.922851558,1.494567714,1.494567714,77.72662991,77.72662991
"Recovering","Fished",2014,"FisCep","Mahe E Patch",16.51090596,11.3428504,10.70906851,68.69914002,64.86057479
"Recovering","Fished",2017,"FisCep","Mahe E Patch",66.7734754,24.15015975,21.09066462,36.16729488,31.585393
"Recovering","Fished",1994,"HerDet","Mahe E Patch",177.1288513,62.50831105,59.94745779,35.28973998,33.84398271
"Recovering","Fished",2005,"HerDet","Mahe E Patch",179.457934,42.69984638,40.39423755,23.79379136,22.50902853
"Recovering","Fished",2008,"HerDet","Mahe E Patch",329.8288757,103.3468785,96.6969545,31.33348414,29.31731017
"Recovering","Fished",2011,"HerDet","Mahe E Patch",479.3434183,178.5921551,167.9167685,37.25766294,35.03057768
"Recovering","Fished",2014,"HerDet","Mahe E Patch",299.5583084,78.59481285,74.38491946,26.23689967,24.83153275
"Recovering","Fished",2017,"HerDet","Mahe E Patch",319.1080281,122.8053225,116.2608307,38.48393387,36.43306357
"Recovering","Fished",1994,"HerMac","Mahe E Patch",3.925748939,3.685826233,3.685826233,93.88848574,93.88848574
"Recovering","Fished",2005,"HerMac","Mahe E Patch",0,0,0,NA,NA
"Recovering","Fished",2008,"HerMac","Mahe E Patch",2.278112506,1.974976129,1.974976129,86.69352911,86.69352911
"Recovering","Fished",2011,"HerMac","Mahe E Patch",14.16063935,4.622364008,4.334406272,32.64233977,30.60883175
"Recovering","Fished",2014,"HerMac","Mahe E Patch",0,0,0,NA,NA
"Recovering","Fished",2017,"HerMac","Mahe E Patch",0.292881829,0.411865021,0.411865021,140.6249825,140.6249825
"Recovering","Fished",1994,"InvMob","Mahe E Patch",137.8033697,40.43473863,39.26524168,29.34234389,28.49367309
"Recovering","Fished",2005,"InvMob","Mahe E Patch",48.27109536,19.81723266,19.59410755,41.05403558,40.5918022
"Recovering","Fished",2008,"InvMob","Mahe E Patch",98.46266756,40.11106625,39.4211708,40.73733451,40.03666748
"Recovering","Fished",2011,"InvMob","Mahe E Patch",78.95818451,33.96917449,33.41263947,43.02172688,42.31687909
"Recovering","Fished",2014,"InvMob","Mahe E Patch",89.44606634,34.75160115,34.19640836,38.85201728,38.2313161
"Recovering","Fished",2017,"InvMob","Mahe E Patch",122.4983597,44.98133047,43.92916559,36.71994513,35.86102352
"Recovering","Protected",1994,"FisCep","Mahe NW Carbonate",63.65789982,26.37126852,26.37126852,41.426545,41.426545
"Recovering","Protected",2005,"FisCep","Mahe NW Carbonate",87.61183808,29.25728743,29.25728743,33.39421712,33.39421712
"Recovering","Protected",2008,"FisCep","Mahe NW Carbonate",38.47045093,15.48295737,15.48295737,40.2463631,40.2463631
"Recovering","Protected",2011,"FisCep","Mahe NW Carbonate",48.76824382,14.20035062,14.20035062,29.11802745,29.11802745
"Recovering","Protected",2014,"FisCep","Mahe NW Carbonate",19.93926779,11.91646925,11.91646925,59.76382571,59.76382571
"Recovering","Protected",2017,"FisCep","Mahe NW Carbonate",53.93714153,19.74121771,19.74121771,36.60041514,36.60041514
"Recovering","Protected",1994,"HerDet","Mahe NW Carbonate",173.3148841,66.02023271,66.02023271,38.0926503,38.0926503
"Recovering","Protected",2005,"HerDet","Mahe NW Carbonate",170.3554081,31.74137176,31.74137176,18.63244151,18.63244151
"Recovering","Protected",2008,"HerDet","Mahe NW Carbonate",146.3918645,39.12628172,39.12628172,26.7270875,26.7270875
"Recovering","Protected",2011,"HerDet","Mahe NW Carbonate",396.6566987,75.61697396,75.61697396,19.06358174,19.06358174
"Recovering","Protected",2014,"HerDet","Mahe NW Carbonate",306.217171,69.19320894,69.19320894,22.59612311,22.59612311
"Recovering","Protected",2017,"HerDet","Mahe NW Carbonate",421.7245844,166.1221516,166.1221516,39.39114713,39.39114713
"Recovering","Protected",1994,"HerMac","Mahe NW Carbonate",0,0,0,NA,NA
"Recovering","Protected",2005,"HerMac","Mahe NW Carbonate",0,0,0,NA,NA
"Recovering","Protected",2008,"HerMac","Mahe NW Carbonate",9.725180594,3.421870737,3.421870737,35.18567809,35.18567809
"Recovering","Protected",2011,"HerMac","Mahe NW Carbonate",0,0,0,NA,NA
"Recovering","Protected",2014,"HerMac","Mahe NW Carbonate",0,0,0,NA,NA
"Recovering","Protected",2017,"HerMac","Mahe NW Carbonate",71.74552711,38.40463982,38.40463982,53.5289674,53.5289674
"Recovering","Protected",1994,"InvMob","Mahe NW Carbonate",52.18177444,21.43556473,21.43556473,41.0786428,41.0786428
"Recovering","Protected",2005,"InvMob","Mahe NW Carbonate",100.7906794,31.35841178,31.35841178,31.11241234,31.11241234
"Recovering","Protected",2008,"InvMob","Mahe NW Carbonate",81.30139797,29.90958055,29.90958055,36.78851938,36.78851938
"Recovering","Protected",2011,"InvMob","Mahe NW Carbonate",244.0265182,32.16027523,32.16027523,13.17900835,13.17900835
"Recovering","Protected",2014,"InvMob","Mahe NW Carbonate",120.5235315,42.92440503,42.92440503,35.61495793,35.61495793
"Recovering","Protected",2017,"InvMob","Mahe NW Carbonate",100.9020407,44.15506714,44.15506714,43.76033113,43.76033113
"Recovering","Fished",1994,"FisCep","Mahe NW Granite",19.75570196,3.428284457,3.085700205,17.35339227,15.61928911
"Recovering","Fished",2005,"FisCep","Mahe NW Granite",5.435674333,4.840533746,4.751810694,89.05120965,87.41897331
"Recovering","Fished",2008,"FisCep","Mahe NW Granite",2.611052236,1.797571639,1.797571639,68.84472148,68.84472148
"Recovering","Fished",2011,"FisCep","Mahe NW Granite",69.02223209,35.6619377,32.58487097,51.66732025,47.20923967
"Recovering","Fished",2014,"FisCep","Mahe NW Granite",17.36678319,9.290120613,8.509689559,53.49361773,48.99980304
"Recovering","Fished",2017,"FisCep","Mahe NW Granite",23.23234419,14.81793279,13.67843233,63.78147926,58.87667736
"Recovering","Fished",1994,"HerDet","Mahe NW Granite",143.5807679,58.21839479,57.34140437,40.54748812,39.93668875
"Recovering","Fished",2005,"HerDet","Mahe NW Granite",240.9736854,36.83555051,32.89915462,15.28612988,13.65259222
"Recovering","Fished",2008,"HerDet","Mahe NW Granite",461.6202462,89.19527396,83.02101401,19.32221879,17.98469948
"Recovering","Fished",2011,"HerDet","Mahe NW Granite",308.931415,71.65169119,66.73463868,23.19339754,21.60176513
"Recovering","Fished",2014,"HerDet","Mahe NW Granite",294.5888823,79.26823891,74.96058782,26.90808909,25.44583055
"Recovering","Fished",2017,"HerDet","Mahe NW Granite",489.8923243,138.7810302,129.0132811,28.32888439,26.33502807
"Recovering","Fished",1994,"HerMac","Mahe NW Granite",0,0,0,NA,NA
"Recovering","Fished",2005,"HerMac","Mahe NW Granite",1.107684255,0.587013483,0.569806191,52.994658,51.44121065
"Recovering","Fished",2008,"HerMac","Mahe NW Granite",6.781420931,2.990161281,2.805570025,44.0934328,41.37141838
"Recovering","Fished",2011,"HerMac","Mahe NW Granite",45.08501357,9.713976635,8.63475917,21.54591042,19.15217161
"Recovering","Fished",2014,"HerMac","Mahe NW Granite",11.48270753,3.860850046,3.512231648,33.62316803,30.58713844
"Recovering","Fished",2017,"HerMac","Mahe NW Granite",13.9836161,3.878859528,3.490720564,27.73860138,24.9629319
"Recovering","Fished",1994,"InvMob","Mahe NW Granite",118.5016154,37.89553364,36.54170723,31.97891734,30.83646337
"Recovering","Fished",2005,"InvMob","Mahe NW Granite",106.1605088,35.59957959,35.03888695,33.53373114,33.00557557
"Recovering","Fished",2008,"InvMob","Mahe NW Granite",161.574134,41.64196386,40.85104193,25.77266722,25.28315698
"Recovering","Fished",2011,"InvMob","Mahe NW Granite",121.7177908,42.02860072,41.25620063,34.52954613,33.89496339
"Recovering","Fished",2014,"InvMob","Mahe NW Granite",87.01483333,35.31881357,34.29142755,40.58941702,39.40871486
"Recovering","Fished",2017,"InvMob","Mahe NW Granite",114.4339418,44.58044544,43.35615296,38.95736243,37.88749412
"Recovering","Fished",1994,"FisCep","Mahe NW Patch",14.51702119,7.64510955,7.372557862,52.66307356,50.78561065
"Recovering","Fished",2005,"FisCep","Mahe NW Patch",1.717064223,0.868501188,0.833495139,50.58058846,48.54187329
"Recovering","Fished",2008,"FisCep","Mahe NW Patch",14.37377143,6.554285865,5.96679061,45.59892926,41.51165643
"Recovering","Fished",2011,"FisCep","Mahe NW Patch",10.03872988,7.094797829,6.751108255,70.67425771,67.25062168
"Recovering","Fished",2014,"FisCep","Mahe NW Patch",26.75925568,14.14472001,13.70462223,52.85916834,51.21451207
"Recovering","Fished",2017,"FisCep","Mahe NW Patch",25.68284246,11.09973509,10.56639447,43.21848373,41.14184202
"Recovering","Fished",1994,"HerDet","Mahe NW Patch",62.72027526,20.96384963,20.49752293,33.42435845,32.68085615
"Recovering","Fished",2005,"HerDet","Mahe NW Patch",22.15671587,3.669507716,3.488174577,16.56160479,15.74319316
"Recovering","Fished",2008,"HerDet","Mahe NW Patch",36.50850038,12.82250977,12.28317751,35.12198431,33.64470571
"Recovering","Fished",2011,"HerDet","Mahe NW Patch",129.1648488,42.63003768,41.15158334,33.00436464,31.85973872
"Recovering","Fished",2014,"HerDet","Mahe NW Patch",130.7252761,49.07313538,47.66532157,37.53913308,36.4622076
"Recovering","Fished",2017,"HerDet","Mahe NW Patch",211.8229152,72.73852606,70.2374325,34.33930931,33.15856191
"Recovering","Fished",1994,"HerMac","Mahe NW Patch",0,0,0,NA,NA
"Recovering","Fished",2005,"HerMac","Mahe NW Patch",0,0,0,NA,NA
"Recovering","Fished",2008,"HerMac","Mahe NW Patch",0,0,0,NA,NA
"Recovering","Fished",2011,"HerMac","Mahe NW Patch",4.19787772,1.825772172,1.691569343,43.49274309,40.29582221
"Recovering","Fished",2014,"HerMac","Mahe NW Patch",0,0,0,NA,NA
"Recovering","Fished",2017,"HerMac","Mahe NW Patch",0,0,0,NA,NA
"Recovering","Fished",1994,"InvMob","Mahe NW Patch",42.97594878,15.6128879,15.39695208,36.32936176,35.8269044
"Recovering","Fished",2005,"InvMob","Mahe NW Patch",92.33903335,23.96608775,22.75280269,25.95444946,24.64050344
"Recovering","Fished",2008,"InvMob","Mahe NW Patch",77.17257984,19.35590318,18.67147471,25.08132192,24.19444153
"Recovering","Fished",2011,"InvMob","Mahe NW Patch",95.86096275,28.45004245,27.78306878,29.67844432,28.98267239
"Recovering","Fished",2014,"InvMob","Mahe NW Patch",91.62077067,32.74160532,31.51527559,35.73600733,34.39752292
"Recovering","Fished",2017,"InvMob","Mahe NW Patch",189.1882633,51.8212751,48.82593669,27.39137946,25.80812141
"Recovering","Fished",1994,"FisCep","Mahe W Carbonate",24.07682626,7.24639829,6.762103857,30.09698294,28.08552832
"Recovering","Fished",2005,"FisCep","Mahe W Carbonate",6.112314252,2.426041747,2.305589215,39.69105068,37.72039721
"Recovering","Fished",2008,"FisCep","Mahe W Carbonate",20.38490304,5.257284293,4.804134232,25.79008731,23.56711838
"Recovering","Fished",2011,"FisCep","Mahe W Carbonate",29.61150183,10.55986633,9.74883023,35.66136697,32.92244441
"Recovering","Fished",2014,"FisCep","Mahe W Carbonate",14.52340442,8.541148056,8.360166531,58.80954498,57.56340793
"Recovering","Fished",2017,"FisCep","Mahe W Carbonate",54.82594434,25.25920192,23.69430328,46.07162215,43.21731904
"Recovering","Fished",1994,"HerDet","Mahe W Carbonate",119.1956035,25.52893644,24.17928364,21.41768294,20.28538211
"Recovering","Fished",2005,"HerDet","Mahe W Carbonate",190.8484574,30.41599621,28.73639723,15.93725023,15.05718077
"Recovering","Fished",2008,"HerDet","Mahe W Carbonate",291.1133987,49.60700547,45.85218749,17.04044049,15.75062766
"Recovering","Fished",2011,"HerDet","Mahe W Carbonate",510.3710057,85.96920682,79.12430995,16.84445352,15.50329252
"Recovering","Fished",2014,"HerDet","Mahe W Carbonate",477.4444038,120.2414747,109.9293282,25.18439294,23.02452962
"Recovering","Fished",2017,"HerDet","Mahe W Carbonate",308.710673,110.8637797,108.7417238,35.91187135,35.22447822
"Recovering","Fished",1994,"HerMac","Mahe W Carbonate",0,0,0,NA,NA
"Recovering","Fished",2005,"HerMac","Mahe W Carbonate",0,0,0,NA,NA
"Recovering","Fished",2008,"HerMac","Mahe W Carbonate",24.89036111,11.69648597,11.15275782,46.99203005,44.80753724
"Recovering","Fished",2011,"HerMac","Mahe W Carbonate",200.8226207,73.2832065,69.07617144,36.4915099,34.39660892
"Recovering","Fished",2014,"HerMac","Mahe W Carbonate",0,0,0,NA,NA
"Recovering","Fished",2017,"HerMac","Mahe W Carbonate",39.44156501,14.89631812,13.77095488,37.76807061,34.91482874
"Recovering","Fished",1994,"InvMob","Mahe W Carbonate",113.588624,19.55127489,18.44797449,17.21235297,16.24104056
"Recovering","Fished",2005,"InvMob","Mahe W Carbonate",66.87573223,20.07881463,19.62856655,30.02406697,29.35080618
"Recovering","Fished",2008,"InvMob","Mahe W Carbonate",106.9520295,35.98519473,35.07849592,33.64610741,32.79834527
"Recovering","Fished",2011,"InvMob","Mahe W Carbonate",185.4033641,40.3485132,37.96500289,21.76255722,20.47697628
"Recovering","Fished",2014,"InvMob","Mahe W Carbonate",70.76725381,30.60297672,30.04251192,43.24454472,42.45256146
"Recovering","Fished",2017,"InvMob","Mahe W Carbonate",88.80118094,45.92447834,45.42308723,51.71606712,51.151445
"Recovering","Fished",1994,"FisCep","Mahe W Granite",31.382923,10.73305262,9.980400673,34.2002962,31.80201115
"Recovering","Fished",2005,"FisCep","Mahe W Granite",20.29549523,6.683334059,6.209321246,32.9301354,30.59457863
"Recovering","Fished",2008,"FisCep","Mahe W Granite",38.83351353,9.455286908,8.29117567,24.34826532,21.35056789
"Recovering","Fished",2011,"FisCep","Mahe W Granite",28.69786691,6.368114849,5.842304616,22.19020274,20.35797516
"Recovering","Fished",2014,"FisCep","Mahe W Granite",20.59504,10.919741,10.26557553,53.0212177,49.8448924
"Recovering","Fished",2017,"FisCep","Mahe W Granite",44.01263265,16.14199614,15.04072713,36.67582503,34.17365929
"Recovering","Fished",1994,"HerDet","Mahe W Granite",158.3435633,40.87162665,38.93810048,25.81199122,24.59089569
"Recovering","Fished",2005,"HerDet","Mahe W Granite",143.8433917,35.07550085,33.88142168,24.38450626,23.55438181
"Recovering","Fished",2008,"HerDet","Mahe W Granite",193.0139863,40.16524678,37.58634653,20.80950067,19.47337975
"Recovering","Fished",2011,"HerDet","Mahe W Granite",314.1598748,68.780234,65.3156594,21.89338599,20.79057978
"Recovering","Fished",2014,"HerDet","Mahe W Granite",366.3962249,67.54096116,63.60452298,18.43385837,17.3594919
"Recovering","Fished",2017,"HerDet","Mahe W Granite",311.5005873,87.87420414,84.61736012,28.20996419,27.16443036
"Recovering","Fished",1994,"HerMac","Mahe W Granite",11.66916845,3.401886576,3.165318625,29.15277631,27.12548574
"Recovering","Fished",2005,"HerMac","Mahe W Granite",0,0,0,NA,NA
"Recovering","Fished",2008,"HerMac","Mahe W Granite",19.72498724,5.28529584,4.819699628,26.79492654,24.43448794
"Recovering","Fished",2011,"HerMac","Mahe W Granite",3.344569033,1.650296676,1.55047893,49.34258077,46.35810816
"Recovering","Fished",2014,"HerMac","Mahe W Granite",4.418629411,1.362291511,1.275857317,30.83063513,28.87450379
"Recovering","Fished",2017,"HerMac","Mahe W Granite",21.06854263,6.973966362,6.404250266,33.10132307,30.39721531
"Recovering","Fished",1994,"InvMob","Mahe W Granite",58.47536669,21.51095882,21.0238554,36.78635986,35.95335367
"Recovering","Fished",2005,"InvMob","Mahe W Granite",45.02482508,20.43069169,20.25544693,45.3765043,44.98728623
"Recovering","Fished",2008,"InvMob","Mahe W Granite",87.01603985,28.28864262,27.12369324,32.50968749,31.17091204
"Recovering","Fished",2011,"InvMob","Mahe W Granite",109.1968157,37.28989011,35.82176176,34.14924683,32.80476774
"Recovering","Fished",2014,"InvMob","Mahe W Granite",73.41924039,30.17230638,29.72839659,41.09591194,40.4912887
"Recovering","Fished",2017,"InvMob","Mahe W Granite",60.39422481,29.76463058,29.13147291,49.28390202,48.23552749
"Recovering","Fished",1994,"FisCep","Mahe W Patch",16.44817459,7.270792801,7.019242685,44.20425357,42.67490383
"Recovering","Fished",2005,"FisCep","Mahe W Patch",2.663071454,3.426507802,3.269433864,128.6675128,122.769288
"Recovering","Fished",2008,"FisCep","Mahe W Patch",5.503018438,3.574660869,3.529803709,64.95818449,64.14304711
"Recovering","Fished",2011,"FisCep","Mahe W Patch",16.35544558,9.848205482,9.600279057,60.21361774,58.69775305
"Recovering","Fished",2014,"FisCep","Mahe W Patch",34.526634,17.37411966,16.85904627,50.32091937,48.82910472
"Recovering","Fished",2017,"FisCep","Mahe W Patch",85.67281261,38.77398965,35.87916266,45.25821958,41.87928652
"Recovering","Fished",1994,"HerDet","Mahe W Patch",185.1061572,47.32977392,44.03474339,25.56898951,23.78891338
"Recovering","Fished",2005,"HerDet","Mahe W Patch",90.40059402,14.20986299,13.56947365,15.7187717,15.01038107
"Recovering","Fished",2008,"HerDet","Mahe W Patch",76.98007136,19.15015258,18.59755127,24.87676646,24.15891663
"Recovering","Fished",2011,"HerDet","Mahe W Patch",198.9107359,47.97802082,46.21854944,24.12037771,23.23582446
"Recovering","Fished",2014,"HerDet","Mahe W Patch",196.7443829,54.93611989,53.15433442,27.92258618,27.01695145
"Recovering","Fished",2017,"HerDet","Mahe W Patch",323.0413426,103.5654858,100.7210052,32.05951443,31.17898296
"Recovering","Fished",1994,"HerMac","Mahe W Patch",13.21850256,4.0091143,3.616400644,30.32956481,27.35862575
"Recovering","Fished",2005,"HerMac","Mahe W Patch",0,0,0,NA,NA
"Recovering","Fished",2008,"HerMac","Mahe W Patch",9.369109282,3.840737996,3.659245809,40.99363003,39.05649618
"Recovering","Fished",2011,"HerMac","Mahe W Patch",5.617342091,1.987768877,1.872103892,35.38628848,33.32721885
"Recovering","Fished",2014,"HerMac","Mahe W Patch",3.529597098,1.726960839,1.667156853,48.92798783,47.23363054
"Recovering","Fished",2017,"HerMac","Mahe W Patch",0,0,0,NA,NA
"Recovering","Fished",1994,"InvMob","Mahe W Patch",77.7725067,20.24392461,19.27868715,26.02966713,24.78856343
"Recovering","Fished",2005,"InvMob","Mahe W Patch",48.14588567,15.25290387,15.06950808,31.68059671,31.29967986
"Recovering","Fished",2008,"InvMob","Mahe W Patch",132.9406406,39.10397582,38.6768949,29.41461366,29.09335681
"Recovering","Fished",2011,"InvMob","Mahe W Patch",68.4632093,37.21606496,37.04410452,54.35921766,54.10804563
"Recovering","Fished",2014,"InvMob","Mahe W Patch",48.70360159,35.32765593,35.21670435,72.53602357,72.30821376
"Recovering","Fished",2017,"InvMob","Mahe W Patch",68.22125853,39.70656836,39.54743159,58.20263246,57.9693668
"Shifted","Fished",1994,"FisCep","Praslin NE Carbonate",26.81605671,13.63667384,12.54194395,50.85264394,46.77027679
"Shifted","Fished",2005,"FisCep","Praslin NE Carbonate",108.8638697,38.19056596,32.92983845,35.08102925,30.24863855
"Shifted","Fished",2008,"FisCep","Praslin NE Carbonate",3.064435414,3.55888386,3.534131015,116.1350585,115.3273128
"Shifted","Fished",2011,"FisCep","Praslin NE Carbonate",1.799855179,2.477496907,2.466465762,137.6497918,137.0369011
"Shifted","Fished",2014,"FisCep","Praslin NE Carbonate",24.69462826,13.78255074,11.93563457,55.81193853,48.33291857
"Shifted","Fished",2017,"FisCep","Praslin NE Carbonate",0,0,0,NA,NA
"Shifted","Fished",1994,"HerDet","Praslin NE Carbonate",146.9968416,56.38709833,54.04194949,38.35939446,36.76402084
"Shifted","Fished",2005,"HerDet","Praslin NE Carbonate",122.0608776,23.89953645,22.13340813,19.5800136,18.13308945
"Shifted","Fished",2008,"HerDet","Praslin NE Carbonate",53.56949216,19.02142436,18.19829825,35.50794228,33.97138467
"Shifted","Fished",2011,"HerDet","Praslin NE Carbonate",8.094558107,9.125688385,9.125688385,112.7385617,112.7385617
"Shifted","Fished",2014,"HerDet","Praslin NE Carbonate",10.0568272,8.659567993,8.513435574,86.10636159,84.65329477
"Shifted","Fished",2017,"HerDet","Praslin NE Carbonate",37.26635358,19.917082,19.53713575,53.44521287,52.42567054
"Shifted","Fished",1994,"HerMac","Praslin NE Carbonate",0,0,0,NA,NA
"Shifted","Fished",2005,"HerMac","Praslin NE Carbonate",0,0,0,NA,NA
"Shifted","Fished",2008,"HerMac","Praslin NE Carbonate",6.619045361,3.219721605,3.003410451,48.64329264,45.37528128
"Shifted","Fished",2011,"HerMac","Praslin NE Carbonate",14.6835488,11.49581777,11.43915504,78.29045912,77.90456652
"Shifted","Fished",2014,"HerMac","Praslin NE Carbonate",2.983362954,3.520820211,3.520820211,118.0151482,118.0151482
"Shifted","Fished",2017,"HerMac","Praslin NE Carbonate",54.5448402,1.300181804,1.247247074,2.383693489,2.28664539
"Shifted","Fished",1994,"InvMob","Praslin NE Carbonate",150.6034037,52.12380795,49.51055325,34.60998004,32.87479037
"Shifted","Fished",2005,"InvMob","Praslin NE Carbonate",113.0621252,42.28936948,41.42358222,37.40365699,36.63789457
"Shifted","Fished",2008,"InvMob","Praslin NE Carbonate",64.94554572,32.32341082,31.72523239,49.77001957,48.84897345
"Shifted","Fished",2011,"InvMob","Praslin NE Carbonate",52.80938872,31.37221833,31.02546029,59.4065167,58.74989474
"Shifted","Fished",2014,"InvMob","Praslin NE Carbonate",45.12901747,31.8828758,31.70951413,70.6482826,70.26413583
"Shifted","Fished",2017,"InvMob","Praslin NE Carbonate",70.67236085,25.21537023,24.23922025,35.67925272,34.29801971
"Recovering","Protected",1994,"FisCep","Praslin NE Granite",13.18303211,4.96468389,4.96468389,37.65965106,37.65965106
"Recovering","Protected",2005,"FisCep","Praslin NE Granite",41.4372907,13.56998151,13.56998151,32.74823543,32.74823543
"Recovering","Protected",2008,"FisCep","Praslin NE Granite",15.3405324,7.531491961,7.531491961,49.09537534,49.09537534
"Recovering","Protected",2011,"FisCep","Praslin NE Granite",58.46763133,38.86198816,38.86198816,66.46752617,66.46752617
"Recovering","Protected",2014,"FisCep","Praslin NE Granite",26.65249136,11.30607054,11.30607054,42.42031405,42.42031405
"Recovering","Protected",2017,"FisCep","Praslin NE Granite",54.34244729,32.17011996,32.17011996,59.19887963,59.19887963
"Recovering","Protected",1994,"HerDet","Praslin NE Granite",181.1582758,39.79590079,39.79590079,21.96747601,21.96747601
"Recovering","Protected",2005,"HerDet","Praslin NE Granite",233.1469295,37.59963078,37.59963078,16.12701092,16.12701092
"Recovering","Protected",2008,"HerDet","Praslin NE Granite",134.9494739,37.21240511,37.21240511,27.57506498,27.57506498
"Recovering","Protected",2011,"HerDet","Praslin NE Granite",399.7328496,95.23463499,95.23463499,23.8245706,23.8245706
"Recovering","Protected",2014,"HerDet","Praslin NE Granite",378.0312134,84.56563892,84.56563892,22.37001494,22.37001494
"Recovering","Protected",2017,"HerDet","Praslin NE Granite",367.713241,108.1234316,108.1234316,29.40428016,29.40428016
"Recovering","Protected",1994,"HerMac","Praslin NE Granite",9.392487191,2.100422378,2.100422378,22.36279204,22.36279204
"Recovering","Protected",2005,"HerMac","Praslin NE Granite",85.24797283,17.85236506,17.85236506,20.94168867,20.94168867
"Recovering","Protected",2008,"HerMac","Praslin NE Granite",50.44021199,20.31008475,20.31008475,40.26566097,40.26566097
"Recovering","Protected",2011,"HerMac","Praslin NE Granite",32.8646753,11.20522635,11.20522635,34.09504658,34.09504658
"Recovering","Protected",2014,"HerMac","Praslin NE Granite",19.70564624,8.295254563,8.295254563,42.09582605,42.09582605
"Recovering","Protected",2017,"HerMac","Praslin NE Granite",58.38322857,23.66490921,23.66490921,40.53374537,40.53374537
"Recovering","Protected",1994,"InvMob","Praslin NE Granite",167.7204711,51.19952458,51.19952458,30.52669972,30.52669972
"Recovering","Protected",2005,"InvMob","Praslin NE Granite",117.0798515,49.06981499,49.06981499,41.91140863,41.91140863
"Recovering","Protected",2008,"InvMob","Praslin NE Granite",229.380804,94.71333886,94.71333886,41.29087404,41.29087404
"Recovering","Protected",2011,"InvMob","Praslin NE Granite",234.8015954,77.36110021,77.36110021,32.9474338,32.9474338
"Recovering","Protected",2014,"InvMob","Praslin NE Granite",109.2888121,42.48126389,42.48126389,38.8706429,38.8706429
"Recovering","Protected",2017,"InvMob","Praslin NE Granite",149.564435,54.05950729,54.05950729,36.14462708,36.14462708
"Recovering","Protected",1994,"FisCep","Praslin NE Patch",43.8586735,12.47071985,12.47071985,28.43387373,28.43387373
"Recovering","Protected",2005,"FisCep","Praslin NE Patch",168.0034287,39.81039523,39.81039523,23.69618021,23.69618021
"Recovering","Protected",2008,"FisCep","Praslin NE Patch",2.307036075,1.349378664,1.349378664,58.48970802,58.48970802
"Recovering","Protected",2011,"FisCep","Praslin NE Patch",35.32364231,7.991189877,7.991189877,22.62277997,22.62277997
"Recovering","Protected",2014,"FisCep","Praslin NE Patch",5.138133445,2.89711414,2.89711414,56.38456398,56.38456398
"Recovering","Protected",2017,"FisCep","Praslin NE Patch",12.23940301,7.365525653,7.365525653,60.17879831,60.17879831
"Recovering","Protected",1994,"HerDet","Praslin NE Patch",119.7563577,32.4015001,32.4015001,27.05618367,27.05618367
"Recovering","Protected",2005,"HerDet","Praslin NE Patch",162.6582997,37.11611484,37.11611484,22.81845741,22.81845741
"Recovering","Protected",2008,"HerDet","Praslin NE Patch",208.6935748,30.9082909,30.9082909,14.81037015,14.81037015
"Recovering","Protected",2011,"HerDet","Praslin NE Patch",158.0342957,30.21068654,30.21068654,19.11653823,19.11653823
"Recovering","Protected",2014,"HerDet","Praslin NE Patch",167.4283487,34.35318763,34.35318763,20.51814277,20.51814277
"Recovering","Protected",2017,"HerDet","Praslin NE Patch",95.87807123,20.14224308,20.14224308,21.00818553,21.00818553
"Recovering","Protected",1994,"HerMac","Praslin NE Patch",7.748466973,1.34799121,1.34799121,17.39687625,17.39687625
"Recovering","Protected",2005,"HerMac","Praslin NE Patch",5.596501898,1.396465135,1.396465135,24.95246425,24.95246425
"Recovering","Protected",2008,"HerMac","Praslin NE Patch",0,0,0,NA,NA
"Recovering","Protected",2011,"HerMac","Praslin NE Patch",4.743287068,1.888242187,1.888242187,39.80872675,39.80872675
"Recovering","Protected",2014,"HerMac","Praslin NE Patch",0,0,0,NA,NA
"Recovering","Protected",2017,"HerMac","Praslin NE Patch",0,0,0,NA,NA
"Recovering","Protected",1994,"InvMob","Praslin NE Patch",95.6298847,25.91641799,25.91641799,27.1007521,27.1007521
"Recovering","Protected",2005,"InvMob","Praslin NE Patch",178.7148689,43.56718243,43.56718243,24.37804011,24.37804011
"Recovering","Protected",2008,"InvMob","Praslin NE Patch",135.3149082,41.97817251,41.97817251,31.02257769,31.02257769
"Recovering","Protected",2011,"InvMob","Praslin NE Patch",154.1395852,64.46804199,64.46804199,41.82445534,41.82445534
"Recovering","Protected",2014,"InvMob","Praslin NE Patch",60.40231718,26.4888543,26.4888543,43.85403663,43.85403663
"Recovering","Protected",2017,"InvMob","Praslin NE Patch",86.82222776,34.56273808,34.56273808,39.80862847,39.80862847
"Shifted","Fished",1994,"FisCep","Praslin SW Carbonate",23.87059186,14.13166527,14.13166527,59.20115159,59.20115159
"Shifted","Fished",2005,"FisCep","Praslin SW Carbonate",25.81131179,12.03055255,10.95798374,46.60961306,42.45419152
"Shifted","Fished",2008,"FisCep","Praslin SW Carbonate",43.84648061,14.96885276,12.78909857,34.13923433,29.16790217
"Shifted","Fished",2011,"FisCep","Praslin SW Carbonate",5.592159219,3.950365976,3.487700385,70.64115704,62.36768748
"Shifted","Fished",2014,"FisCep","Praslin SW Carbonate",12.31384208,7.777408352,7.719692408,63.15988383,62.69117598
"Shifted","Fished",2017,"FisCep","Praslin SW Carbonate",49.51623489,22.93660776,19.99875897,46.32138896,40.38828682
"Shifted","Fished",1994,"HerDet","Praslin SW Carbonate",150.0363394,71.15765888,69.68187878,47.42694949,46.44333438
"Shifted","Fished",2005,"HerDet","Praslin SW Carbonate",106.6979927,51.12527134,48.06038186,47.91586989,45.0433796
"Shifted","Fished",2008,"HerDet","Praslin SW Carbonate",36.84058625,28.18043232,27.98950048,76.49289869,75.97463377
"Shifted","Fished",2011,"HerDet","Praslin SW Carbonate",94.13710538,50.089523,47.92022759,53.20911749,50.90471754
"Shifted","Fished",2014,"HerDet","Praslin SW Carbonate",202.2307979,59.75356875,56.60040971,29.54721505,27.9880267
"Shifted","Fished",2017,"HerDet","Praslin SW Carbonate",154.7776495,59.52508821,56.60307444,38.4584521,36.57057373
"Shifted","Fished",1994,"HerMac","Praslin SW Carbonate",1.366867504,1.209100126,1.209100126,88.45774173,88.45774173
"Shifted","Fished",2005,"HerMac","Praslin SW Carbonate",38.23270175,18.38840876,17.93653744,48.0960223,46.91412486
"Shifted","Fished",2008,"HerMac","Praslin SW Carbonate",3.257832622,5.100914661,5.100914661,156.5738714,156.5738714
"Shifted","Fished",2011,"HerMac","Praslin SW Carbonate",1.185499414,1.207227925,1.201381368,101.8328571,101.3396847
"Shifted","Fished",2014,"HerMac","Praslin SW Carbonate",169.7031889,99.59381329,95.01074856,58.68706059,55.98642499
"Shifted","Fished",2017,"HerMac","Praslin SW Carbonate",99.78600283,43.58106396,40.46062317,43.6745262,40.54739344
"Shifted","Fished",1994,"InvMob","Praslin SW Carbonate",46.46392847,22.51684757,22.38541009,48.4609208,48.17804011
"Shifted","Fished",2005,"InvMob","Praslin SW Carbonate",41.85951497,27.35410885,27.12764922,65.34740995,64.80641078
"Shifted","Fished",2008,"InvMob","Praslin SW Carbonate",52.45200552,33.50548402,33.30243038,63.87836592,63.49124319
"Shifted","Fished",2011,"InvMob","Praslin SW Carbonate",52.95398111,30.9865574,30.94064303,58.51601097,58.4293048
"Shifted","Fished",2014,"InvMob","Praslin SW Carbonate",216.1018038,81.95523059,77.68165239,37.92436211,35.94678574
"Shifted","Fished",2017,"InvMob","Praslin SW Carbonate",88.5422457,53.10215659,53.02804823,59.97380818,59.89010987
"Recovering","Fished",1994,"FisCep","Praslin SW Granite",77.67127875,23.7359333,20.15444971,30.5594728,25.94839435
"Recovering","Fished",2005,"FisCep","Praslin SW Granite",1.857945618,1.889467893,1.866165754,101.6966199,100.4424315
"Recovering","Fished",2008,"FisCep","Praslin SW Granite",287.7773761,75.16726062,65.48712502,26.11993397,22.75617559
"Recovering","Fished",2011,"FisCep","Praslin SW Granite",114.2420222,47.81823309,42.9043796,41.8569561,37.5556899
"Recovering","Fished",2014,"FisCep","Praslin SW Granite",200.129772,91.53274774,80.88142192,45.73669715,40.41448761
"Recovering","Fished",2017,"FisCep","Praslin SW Granite",44.21284834,19.54854436,18.22055942,44.21462335,41.21100563
"Recovering","Fished",1994,"HerDet","Praslin SW Granite",176.5403942,46.82142781,43.86669142,26.52165133,24.84796277
"Recovering","Fished",2005,"HerDet","Praslin SW Granite",224.8173491,50.07599075,47.2832725,22.27407758,21.03186106
"Recovering","Fished",2008,"HerDet","Praslin SW Granite",607.8550152,117.6145632,108.0226399,19.34911456,17.77111929
"Recovering","Fished",2011,"HerDet","Praslin SW Granite",341.6832724,89.67382256,85.14584625,26.24472129,24.91952434
"Recovering","Fished",2014,"HerDet","Praslin SW Granite",288.7445369,89.23926985,85.76320896,30.90595957,29.70210618
"Recovering","Fished",2017,"HerDet","Praslin SW Granite",550.1417055,187.6117061,175.582801,34.10243292,31.91592261
"Recovering","Fished",1994,"HerMac","Praslin SW Granite",0,0,0,NA,NA
"Recovering","Fished",2005,"HerMac","Praslin SW Granite",9.536976516,4.066164415,3.844427117,42.63578094,40.31075373
"Recovering","Fished",2008,"HerMac","Praslin SW Granite",26.40365867,5.896783997,5.238630059,22.33320795,19.84054606
"Recovering","Fished",2011,"HerMac","Praslin SW Granite",38.15078754,10.13642491,9.15539402,26.56937266,23.99791619
"Recovering","Fished",2014,"HerMac","Praslin SW Granite",67.48132827,12.12341784,10.82371328,17.96558864,16.03956762
"Recovering","Fished",2017,"HerMac","Praslin SW Granite",71.68258176,31.91727441,29.73938254,44.52584383,41.48759965
"Recovering","Fished",1994,"InvMob","Praslin SW Granite",96.06451471,28.07251222,26.71090604,29.22256184,27.80517459
"Recovering","Fished",2005,"InvMob","Praslin SW Granite",66.47865376,28.70270454,27.74230138,43.17582098,41.73114197
"Recovering","Fished",2008,"InvMob","Praslin SW Granite",84.53517992,30.73278236,29.47870058,36.35502094,34.87151812
"Recovering","Fished",2011,"InvMob","Praslin SW Granite",141.8709862,61.47235205,58.78804076,43.32975594,41.43767683
"Recovering","Fished",2014,"InvMob","Praslin SW Granite",138.4507506,56.98886731,55.2818731,41.16183339,39.92890818
"Recovering","Fished",2017,"InvMob","Praslin SW Granite",192.1830288,75.60083732,73.20492405,39.33793623,38.09125318
"Shifted","Fished",1994,"FisCep","Praslin SW Patch",13.83517699,8.862203843,8.622659653,64.05558709,62.3241731
"Shifted","Fished",2005,"FisCep","Praslin SW Patch",3.601257875,4.963764807,4.963764807,137.8341951,137.8341951
"Shifted","Fished",2008,"FisCep","Praslin SW Patch",41.58729886,25.39448728,24.25412344,61.0630841,58.32098767
"Shifted","Fished",2011,"FisCep","Praslin SW Patch",3.689804352,3.800750996,3.800750996,103.0068436,103.0068436
"Shifted","Fished",2014,"FisCep","Praslin SW Patch",9.780475076,7.717159926,7.638774062,78.90373286,78.10228034
"Shifted","Fished",2017,"FisCep","Praslin SW Patch",55.62165278,26.09970888,23.70068506,46.92364857,42.61053722
"Shifted","Fished",1994,"HerDet","Praslin SW Patch",127.6032899,57.3208429,55.61491471,44.92113247,43.58423262
"Shifted","Fished",2005,"HerDet","Praslin SW Patch",98.34237379,36.32601523,34.89203259,36.93831441,35.48016103
"Shifted","Fished",2008,"HerDet","Praslin SW Patch",227.4481834,66.01712565,62.55028142,29.02512769,27.50089295
"Shifted","Fished",2011,"HerDet","Praslin SW Patch",392.6022759,110.1467434,104.4321912,28.05555397,26.59999639
"Shifted","Fished",2014,"HerDet","Praslin SW Patch",397.3011582,82.00828764,78.04130333,20.6413412,19.64285825
"Shifted","Fished",2017,"HerDet","Praslin SW Patch",284.0200643,68.59953871,65.06785842,24.15306076,22.90959921
"Shifted","Fished",1994,"HerMac","Praslin SW Patch",12.52331626,2.698555596,2.468857193,21.5482508,19.71408485
"Shifted","Fished",2005,"HerMac","Praslin SW Patch",0,0,0,NA,NA
"Shifted","Fished",2008,"HerMac","Praslin SW Patch",0,0,0,NA,NA
"Shifted","Fished",2011,"HerMac","Praslin SW Patch",4.897739006,1.990647224,1.889456528,40.6442079,38.57813831
"Shifted","Fished",2014,"HerMac","Praslin SW Patch",16.84621932,10.79698817,10.33674005,64.09146149,61.35940567
"Shifted","Fished",2017,"HerMac","Praslin SW Patch",12.16803898,5.526024455,5.126470773,45.41425667,42.13062417
"Shifted","Fished",1994,"InvMob","Praslin SW Patch",63.2015171,28.05725662,26.78370385,44.39332774,42.37826097
"Shifted","Fished",2005,"InvMob","Praslin SW Patch",30.71355203,17.86523077,17.81401613,58.16725707,58.00050777
"Shifted","Fished",2008,"InvMob","Praslin SW Patch",122.1646696,58.21586954,56.49694146,47.65360534,46.24654707
"Shifted","Fished",2011,"InvMob","Praslin SW Patch",103.9055451,58.50338011,57.28773682,56.30438686,55.13443651
"Shifted","Fished",2014,"InvMob","Praslin SW Patch",75.29086554,31.33112581,30.22690118,41.61344883,40.14683716
"Shifted","Fished",2017,"InvMob","Praslin SW Patch",304.6531717,109.2429225,101.7679212,35.85812744,33.40451723
"Shifted","Protected",1994,"FisCep","Ste Anne Carbonate",43.29290418,22.98457888,22.98457888,53.09086864,53.09086864
"Shifted","Protected",2005,"FisCep","Ste Anne Carbonate",38.02538341,11.53413699,11.53413699,30.3327303,30.3327303
"Shifted","Protected",2008,"FisCep","Ste Anne Carbonate",10.73117095,4.549139142,4.549139142,42.39182439,42.39182439
"Shifted","Protected",2011,"FisCep","Ste Anne Carbonate",0.47119286,0.625183884,0.625183884,132.681103,132.681103
"Shifted","Protected",2014,"FisCep","Ste Anne Carbonate",3.077570017,2.363856202,2.363856202,76.80917703,76.80917703
"Shifted","Protected",1994,"HerDet","Ste Anne Carbonate",270.6183698,79.82993463,79.82993463,29.49908194,29.49908194
"Shifted","Protected",2005,"HerDet","Ste Anne Carbonate",211.8360174,44.46455317,44.46455317,20.99008173,20.99008173
"Shifted","Protected",2008,"HerDet","Ste Anne Carbonate",75.6071202,37.37635932,37.37635932,49.43497282,49.43497282
"Shifted","Protected",2011,"HerDet","Ste Anne Carbonate",58.80546481,40.61072839,40.61072839,69.05944629,69.05944629
"Shifted","Protected",2014,"HerDet","Ste Anne Carbonate",268.8653001,117.7804539,117.7804539,43.80649113,43.80649113
"Shifted","Protected",1994,"HerMac","Ste Anne Carbonate",13.11180235,0.022292277,0.022292277,0.170016878,0.170016878
"Shifted","Protected",2005,"HerMac","Ste Anne Carbonate",9.131545963,0.011560069,0.011560069,0.126594878,0.126594878
"Shifted","Protected",2008,"HerMac","Ste Anne Carbonate",2.705946791,3.388065332,3.388065332,125.2081284,125.2081284
"Shifted","Protected",2011,"HerMac","Ste Anne Carbonate",9.786278551,12.10458891,12.10458891,123.6893969,123.6893969
"Shifted","Protected",2014,"HerMac","Ste Anne Carbonate",8.212184914,1.334359124,1.334359124,16.2485275,16.2485275
"Shifted","Protected",1994,"InvMob","Ste Anne Carbonate",234.9257824,64.39540648,64.39540648,27.41095754,27.41095754
"Shifted","Protected",2005,"InvMob","Ste Anne Carbonate",233.4593336,80.07082412,80.07082412,34.29754677,34.29754677
"Shifted","Protected",2008,"InvMob","Ste Anne Carbonate",103.1484509,51.7871204,51.7871204,50.20639664,50.20639664
"Shifted","Protected",2011,"InvMob","Ste Anne Carbonate",145.3744498,62.76687195,62.76687195,43.17599967,43.17599967
"Shifted","Protected",2014,"InvMob","Ste Anne Carbonate",138.4914423,62.78270745,62.78270745,45.33327577,45.33327577
"Recovering","Protected",1994,"FisCep","Ste Anne Granite",21.99857839,10.13993898,10.13993898,46.09361021,46.09361021
"Recovering","Protected",2005,"FisCep","Ste Anne Granite",100.4417233,23.32641533,23.32641533,23.22383025,23.22383025
"Recovering","Protected",2008,"FisCep","Ste Anne Granite",47.47935497,16.26162278,16.26162278,34.24988142,34.24988142
"Recovering","Protected",2011,"FisCep","Ste Anne Granite",90.27203166,59.30266929,59.30266929,65.69329193,65.69329193
"Recovering","Protected",2014,"FisCep","Ste Anne Granite",13.64056318,3.895707437,3.895707437,28.55972576,28.55972576
"Recovering","Protected",2017,"FisCep","Ste Anne Granite",23.41859752,15.59235165,15.59235165,66.58106506,66.58106506
"Recovering","Protected",1994,"HerDet","Ste Anne Granite",160.7123375,40.23495035,40.23495035,25.0353837,25.0353837
"Recovering","Protected",2005,"HerDet","Ste Anne Granite",670.550774,180.7373825,180.7373825,26.95357153,26.95357153
"Recovering","Protected",2008,"HerDet","Ste Anne Granite",456.9109805,114.288305,114.288305,25.0132542,25.0132542
"Recovering","Protected",2011,"HerDet","Ste Anne Granite",643.6065697,137.8954928,137.8954928,21.42543276,21.42543276
"Recovering","Protected",2014,"HerDet","Ste Anne Granite",477.5687403,104.0615066,104.0615066,21.78984884,21.78984884
"Recovering","Protected",2017,"HerDet","Ste Anne Granite",620.5295027,153.964477,153.964477,24.81178999,24.81178999
"Recovering","Protected",1994,"HerMac","Ste Anne Granite",0,0,0,NA,NA
"Recovering","Protected",2005,"HerMac","Ste Anne Granite",22.15562922,9.663570706,9.663570706,43.61677391,43.61677391
"Recovering","Protected",2008,"HerMac","Ste Anne Granite",54.31769038,9.301773839,9.301773839,17.12475949,17.12475949
"Recovering","Protected",2011,"HerMac","Ste Anne Granite",18.31111547,9.239097183,9.239097183,50.4562226,50.4562226
"Recovering","Protected",2014,"HerMac","Ste Anne Granite",61.07511715,16.78095869,16.78095869,27.47593368,27.47593368
"Recovering","Protected",2017,"HerMac","Ste Anne Granite",34.78678247,11.8488966,11.8488966,34.06149049,34.06149049
"Recovering","Protected",1994,"InvMob","Ste Anne Granite",117.2464362,42.92049731,42.92049731,36.60708052,36.60708052
"Recovering","Protected",2005,"InvMob","Ste Anne Granite",247.4121499,71.58795965,71.58795965,28.9346985,28.9346985
"Recovering","Protected",2008,"InvMob","Ste Anne Granite",297.5389917,79.50431741,79.50431741,26.72063817,26.72063817
"Recovering","Protected",2011,"InvMob","Ste Anne Granite",179.9825107,52.21069362,52.21069362,29.00875947,29.00875947
"Recovering","Protected",2014,"InvMob","Ste Anne Granite",241.5745962,71.70805195,71.70805195,29.68360626,29.68360626
"Recovering","Protected",2017,"InvMob","Ste Anne Granite",236.9326352,69.57401899,69.57401899,29.36447271,29.36447271
"Recovering","Protected",1994,"FisCep","Ste Anne Patch",84.65826562,34.07679612,34.07679612,40.25217842,40.25217842
"Recovering","Protected",2005,"FisCep","Ste Anne Patch",0.243178197,0.38351602,0.38351602,157.7098708,157.7098708
"Recovering","Protected",2008,"FisCep","Ste Anne Patch",9.259871586,5.372336954,5.372336954,58.01740233,58.01740233
"Recovering","Protected",2011,"FisCep","Ste Anne Patch",33.87181007,26.29220985,26.29220985,77.62268919,77.62268919
"Recovering","Protected",2014,"FisCep","Ste Anne Patch",58.35984538,17.44707789,17.44707789,29.89568902,29.89568902
"Recovering","Protected",2017,"FisCep","Ste Anne Patch",58.84700259,31.38859941,31.38859941,53.33933426,53.33933426
"Recovering","Protected",1994,"HerDet","Ste Anne Patch",345.4775217,87.75695468,87.75695468,25.40163952,25.40163952
"Recovering","Protected",2005,"HerDet","Ste Anne Patch",125.5339318,40.25695488,40.25695488,32.0685844,32.0685844
"Recovering","Protected",2008,"HerDet","Ste Anne Patch",71.80878793,36.26767723,36.26767723,50.50590363,50.50590363
"Recovering","Protected",2011,"HerDet","Ste Anne Patch",228.3781975,44.96965352,44.96965352,19.6908698,19.6908698
"Recovering","Protected",2014,"HerDet","Ste Anne Patch",491.0574682,125.7839312,125.7839312,25.61491054,25.61491054
"Recovering","Protected",2017,"HerDet","Ste Anne Patch",386.2838554,112.4307948,112.4307948,29.10574523,29.10574523
"Recovering","Protected",1994,"HerMac","Ste Anne Patch",0,0,0,NA,NA
"Recovering","Protected",2005,"HerMac","Ste Anne Patch",0,0,0,NA,NA
"Recovering","Protected",2008,"HerMac","Ste Anne Patch",1.586640309,1.913584501,1.913584501,120.6060687,120.6060687
"Recovering","Protected",2011,"HerMac","Ste Anne Patch",18.35808787,0.482473219,0.482473219,2.628123486,2.628123486
"Recovering","Protected",2014,"HerMac","Ste Anne Patch",0,0,0,NA,NA
"Recovering","Protected",2017,"HerMac","Ste Anne Patch",68.11839085,30.39277904,30.39277904,44.61758221,44.61758221
"Recovering","Protected",1994,"InvMob","Ste Anne Patch",130.6029358,35.7129707,35.7129707,27.34469213,27.34469213
"Recovering","Protected",2005,"InvMob","Ste Anne Patch",116.2413945,39.08389934,39.08389934,33.62304755,33.62304755
"Recovering","Protected",2008,"InvMob","Ste Anne Patch",70.86110132,38.23104261,38.23104261,53.95208641,53.95208641
"Recovering","Protected",2011,"InvMob","Ste Anne Patch",211.0315625,65.37354297,65.37354297,30.97808792,30.97808792
"Recovering","Protected",2014,"InvMob","Ste Anne Patch",263.5450626,106.4379806,106.4379806,40.38701372,40.38701372
"Recovering","Protected",2017,"InvMob","Ste Anne Patch",369.5746984,98.81706147,98.81706147,26.73804833,26.73804833
