state,Management,Year,Location,species,abundance.500m2,biomass_kgha,prod_yr_kgha,prod_yr_F0.2,net_turnover_F0.2
Shifted,Fished,1994,Mahe E Carbonate,Aprion virescens,0.812015016,24.37127396,10.66543051,9.082342162,37.26658761
Shifted,Fished,2005,Mahe E Carbonate,Aprion virescens,0,0,0,0,0
Shifted,Fished,2008,Mahe E Carbonate,Aprion virescens,0.406007508,8.203825533,4.392002602,3.80397437,46.36829922
Shifted,Fished,2011,Mahe E Carbonate,Aprion virescens,0,0,0,0,0
Shifted,Fished,2014,Mahe E Carbonate,Aprion virescens,0.812015016,13.76089761,8.153011758,7.134805262,51.8484002
Shifted,Fished,2017,Mahe E Carbonate,Aprion virescens,1.218022524,20.62122607,12.39016313,10.82873618,52.51257195
Shifted,Fished,1994,Mahe E Granite,Aprion virescens,0.406007508,17.41942588,6.331206566,5.310228509,30.48452083
Shifted,Fished,2005,Mahe E Granite,Aprion virescens,0.406007508,33.04955181,6.895036429,5.661924822,17.13162361
Shifted,Fished,2008,Mahe E Granite,Aprion virescens,0.812015016,23.00669054,10.7150763,9.138948068,39.72300167
Shifted,Fished,2011,Mahe E Granite,Aprion virescens,0,0,0,0,0
Shifted,Fished,2014,Mahe E Granite,Aprion virescens,0.406007508,5.145750591,3.457409399,3.065908534,59.5813668
Shifted,Fished,2017,Mahe E Granite,Aprion virescens,0,0,0,0,0
Recovering,Fished,1994,Mahe E Patch,Aprion virescens,0.406007508,9.436907631,4.548982126,3.914220374,41.47778623
Recovering,Fished,2005,Mahe E Patch,Aprion virescens,0,0,0,0,0
Recovering,Fished,2008,Mahe E Patch,Aprion virescens,0.406007508,9.436907631,4.685758326,4.031910919,42.72491664
Recovering,Fished,2011,Mahe E Patch,Aprion virescens,0,0,0,0,0
Recovering,Fished,2014,Mahe E Patch,Aprion virescens,0,0,0,0,0
Recovering,Fished,2017,Mahe E Patch,Aprion virescens,1.218022524,41.54447983,17.06509379,14.45157912,34.78579869
Recovering,Fished,1994,Mahe NW Granite,Aprion virescens,0,0,0,0,0
Recovering,Fished,2005,Mahe NW Granite,Aprion virescens,0,0,0,0,0
Recovering,Fished,2008,Mahe NW Granite,Aprion virescens,0,0,0,0,0
Recovering,Fished,2011,Mahe NW Granite,Aprion virescens,0,0,0,0,0
Recovering,Fished,2014,Mahe NW Granite,Aprion virescens,0,0,0,0,0
Recovering,Fished,2017,Mahe NW Granite,Aprion virescens,0.406007508,9.436907631,4.493358337,3.866358289,40.97060648
Recovering,Fished,1994,Mahe NW Patch,Aprion virescens,0,0,0,0,0
Recovering,Fished,2005,Mahe NW Patch,Aprion virescens,0,0,0,0,0
Recovering,Fished,2008,Mahe NW Patch,Aprion virescens,0.406007508,7.080813619,3.60852257,3.147830055,44.45576772
Recovering,Fished,2011,Mahe NW Patch,Aprion virescens,0,0,0,0,0
Recovering,Fished,2014,Mahe NW Patch,Aprion virescens,0,0,0,0,0
Recovering,Fished,2017,Mahe NW Patch,Aprion virescens,0,0,0,0,0
Recovering,Fished,1994,Mahe W Carbonate,Aprion virescens,0,0,0,0,0
Recovering,Fished,2005,Mahe W Carbonate,Aprion virescens,0,0,0,0,0
Recovering,Fished,2008,Mahe W Carbonate,Aprion virescens,0,0,0,0,0
Recovering,Fished,2011,Mahe W Carbonate,Aprion virescens,0,0,0,0,0
Recovering,Fished,2014,Mahe W Carbonate,Aprion virescens,0,0,0,0,0
Recovering,Fished,2017,Mahe W Carbonate,Aprion virescens,0,0,0,0,0
Recovering,Fished,1994,Mahe W Granite,Aprion virescens,0,0,0,0,0
Recovering,Fished,2005,Mahe W Granite,Aprion virescens,0,0,0,0,0
Recovering,Fished,2008,Mahe W Granite,Aprion virescens,0.406007508,7.628860313,4.1754713,3.62910283,47.57070757
Recovering,Fished,2011,Mahe W Granite,Aprion virescens,0,0,0,0,0
Recovering,Fished,2014,Mahe W Granite,Aprion virescens,0,0,0,0,0
Recovering,Fished,2017,Mahe W Granite,Aprion virescens,0,0,0,0,0
Recovering,Fished,1994,Mahe W Patch,Aprion virescens,0,0,0,0,0
Recovering,Fished,2005,Mahe W Patch,Aprion virescens,0,0,0,0,0
Recovering,Fished,2008,Mahe W Patch,Aprion virescens,0,0,0,0,0
Recovering,Fished,2011,Mahe W Patch,Aprion virescens,0,0,0,0,0
Recovering,Fished,2014,Mahe W Patch,Aprion virescens,0,0,0,0,0
Recovering,Fished,2017,Mahe W Patch,Aprion virescens,0.406007508,8.203825533,4.318469159,3.740286036,45.59197439
Shifted,Fished,1994,Praslin NE Carbonate,Aprion virescens,0,0,0,0,0
Shifted,Fished,2005,Praslin NE Carbonate,Aprion virescens,2.030037539,95.41097458,30.44797019,25.50841389,26.73530378
Shifted,Fished,2008,Praslin NE Carbonate,Aprion virescens,0,0,0,0,0
Shifted,Fished,2011,Praslin NE Carbonate,Aprion virescens,0,0,0,0,0
Shifted,Fished,2014,Praslin NE Carbonate,Aprion virescens,1.218022524,24.69462826,13.78255074,11.93563457,48.33291857
Shifted,Fished,2017,Praslin NE Carbonate,Aprion virescens,0,0,0,0,0
Shifted,Fished,1994,Praslin SW Carbonate,Aprion virescens,0,0,0,0,0
Shifted,Fished,2005,Praslin SW Carbonate,Aprion virescens,0.406007508,13.84415943,5.763227782,4.877444324,35.23106152
Shifted,Fished,2008,Praslin SW Carbonate,Aprion virescens,1.218022524,43.27835128,14.55055877,12.37080457,28.58427876
Shifted,Fished,2011,Praslin SW Carbonate,Aprion virescens,0.406007508,5.592159219,3.950365976,3.487700385,62.36768748
Shifted,Fished,2014,Praslin SW Carbonate,Aprion virescens,0,0,0,0,0
Shifted,Fished,2017,Praslin SW Carbonate,Aprion virescens,1.624030032,36.77293875,19.12110503,16.47982633,44.815092
Recovering,Fished,1994,Praslin SW Granite,Aprion virescens,1.218022524,60.89830686,19.29545332,16.11565229,26.46321896
Recovering,Fished,2005,Praslin SW Granite,Aprion virescens,0,0,0,0,0
Recovering,Fished,2008,Praslin SW Granite,Aprion virescens,0,0,0,0,0
Recovering,Fished,2011,Praslin SW Granite,Aprion virescens,0,0,0,0,0
Recovering,Fished,2014,Praslin SW Granite,Aprion virescens,0.406007508,9.436907631,5.008545299,4.309656426,45.66810013
Recovering,Fished,2017,Praslin SW Granite,Aprion virescens,0,0,0,0,0
Shifted,Fished,1994,Praslin SW Patch,Aprion virescens,0,0,0,0,0
Shifted,Fished,2005,Praslin SW Patch,Aprion virescens,0,0,0,0,0
Shifted,Fished,2008,Praslin SW Patch,Aprion virescens,0.406007508,17.41942588,6.362852293,5.336771007,30.63689381
Shifted,Fished,2011,Praslin SW Patch,Aprion virescens,0,0,0,0,0
Shifted,Fished,2014,Praslin SW Patch,Aprion virescens,0,0,0,0,0
Shifted,Fished,2017,Praslin SW Patch,Aprion virescens,0.812015016,18.24321642,9.295719143,8.011329957,43.91402138
Shifted,Fished,1994,Mahe E Carbonate,Cephalopholis leopardus,0.406007508,15.27841413,0.00773413,0.007266333,0.047559474
Shifted,Fished,2005,Mahe E Carbonate,Cephalopholis leopardus,0,0,0,0,0
Shifted,Fished,2008,Mahe E Carbonate,Cephalopholis leopardus,0,0,0,0,0
Shifted,Fished,2011,Mahe E Carbonate,Cephalopholis leopardus,0,0,0,0,0
Shifted,Fished,2014,Mahe E Carbonate,Cephalopholis leopardus,0,0,0,0,0
Shifted,Fished,2017,Mahe E Carbonate,Cephalopholis leopardus,0,0,0,0,0
Shifted,Fished,1994,Mahe E Granite,Cephalopholis leopardus,0,0,0,0,0
Shifted,Fished,2005,Mahe E Granite,Cephalopholis leopardus,0,0,0,0,0
Shifted,Fished,2008,Mahe E Granite,Cephalopholis leopardus,0,0,0,0,0
Shifted,Fished,2011,Mahe E Granite,Cephalopholis leopardus,0,0,0,0,0
Shifted,Fished,2014,Mahe E Granite,Cephalopholis leopardus,0,0,0,0,0
Shifted,Fished,2017,Mahe E Granite,Cephalopholis leopardus,0,0,0,0,0
Recovering,Fished,1994,Mahe E Patch,Cephalopholis leopardus,0,0,0,0,0
Recovering,Fished,2005,Mahe E Patch,Cephalopholis leopardus,0,0,0,0,0
Recovering,Fished,2008,Mahe E Patch,Cephalopholis leopardus,0,0,0,0,0
Recovering,Fished,2011,Mahe E Patch,Cephalopholis leopardus,0,0,0,0,0
Recovering,Fished,2014,Mahe E Patch,Cephalopholis leopardus,0,0,0,0,0
Recovering,Fished,2017,Mahe E Patch,Cephalopholis leopardus,0,0,0,0,0
Recovering,Fished,1994,Mahe NW Granite,Cephalopholis leopardus,0,0,0,0,0
Recovering,Fished,2005,Mahe NW Granite,Cephalopholis leopardus,0,0,0,0,0
Recovering,Fished,2008,Mahe NW Granite,Cephalopholis leopardus,0,0,0,0,0
Recovering,Fished,2011,Mahe NW Granite,Cephalopholis leopardus,0,0,0,0,0
Recovering,Fished,2014,Mahe NW Granite,Cephalopholis leopardus,0,0,0,0,0
Recovering,Fished,2017,Mahe NW Granite,Cephalopholis leopardus,0,0,0,0,0
Recovering,Fished,1994,Mahe NW Patch,Cephalopholis leopardus,0,0,0,0,0
Recovering,Fished,2005,Mahe NW Patch,Cephalopholis leopardus,0,0,0,0,0
Recovering,Fished,2008,Mahe NW Patch,Cephalopholis leopardus,0,0,0,0,0
Recovering,Fished,2011,Mahe NW Patch,Cephalopholis leopardus,0,0,0,0,0
Recovering,Fished,2014,Mahe NW Patch,Cephalopholis leopardus,0,0,0,0,0
Recovering,Fished,2017,Mahe NW Patch,Cephalopholis leopardus,0,0,0,0,0
Recovering,Fished,1994,Mahe W Carbonate,Cephalopholis leopardus,0,0,0,0,0
Recovering,Fished,2005,Mahe W Carbonate,Cephalopholis leopardus,0,0,0,0,0
Recovering,Fished,2008,Mahe W Carbonate,Cephalopholis leopardus,0,0,0,0,0
Recovering,Fished,2011,Mahe W Carbonate,Cephalopholis leopardus,0,0,0,0,0
Recovering,Fished,2014,Mahe W Carbonate,Cephalopholis leopardus,0,0,0,0,0
Recovering,Fished,2017,Mahe W Carbonate,Cephalopholis leopardus,0,0,0,0,0
Recovering,Fished,1994,Mahe W Granite,Cephalopholis leopardus,0,0,0,0,0
Recovering,Fished,2005,Mahe W Granite,Cephalopholis leopardus,0,0,0,0,0
Recovering,Fished,2008,Mahe W Granite,Cephalopholis leopardus,0,0,0,0,0
Recovering,Fished,2011,Mahe W Granite,Cephalopholis leopardus,0,0,0,0,0
Recovering,Fished,2014,Mahe W Granite,Cephalopholis leopardus,0,0,0,0,0
Recovering,Fished,2017,Mahe W Granite,Cephalopholis leopardus,0,0,0,0,0
Recovering,Fished,1994,Mahe W Patch,Cephalopholis leopardus,0,0,0,0,0
Recovering,Fished,2005,Mahe W Patch,Cephalopholis leopardus,0,0,0,0,0
Recovering,Fished,2008,Mahe W Patch,Cephalopholis leopardus,0,0,0,0,0
Recovering,Fished,2011,Mahe W Patch,Cephalopholis leopardus,0,0,0,0,0
Recovering,Fished,2014,Mahe W Patch,Cephalopholis leopardus,0,0,0,0,0
Recovering,Fished,2017,Mahe W Patch,Cephalopholis leopardus,0,0,0,0,0
Shifted,Fished,1994,Praslin NE Carbonate,Cephalopholis leopardus,0,0,0,0,0
Shifted,Fished,2005,Praslin NE Carbonate,Cephalopholis leopardus,0,0,0,0,0
Shifted,Fished,2008,Praslin NE Carbonate,Cephalopholis leopardus,0,0,0,0,0
Shifted,Fished,2011,Praslin NE Carbonate,Cephalopholis leopardus,0,0,0,0,0
Shifted,Fished,2014,Praslin NE Carbonate,Cephalopholis leopardus,0,0,0,0,0
Shifted,Fished,2017,Praslin NE Carbonate,Cephalopholis leopardus,0,0,0,0,0
Shifted,Fished,1994,Praslin SW Carbonate,Cephalopholis leopardus,0,0,0,0,0
Shifted,Fished,2005,Praslin SW Carbonate,Cephalopholis leopardus,0,0,0,0,0
Shifted,Fished,2008,Praslin SW Carbonate,Cephalopholis leopardus,0,0,0,0,0
Shifted,Fished,2011,Praslin SW Carbonate,Cephalopholis leopardus,0,0,0,0,0
Shifted,Fished,2014,Praslin SW Carbonate,Cephalopholis leopardus,0,0,0,0,0
Shifted,Fished,2017,Praslin SW Carbonate,Cephalopholis leopardus,0,0,0,0,0
Recovering,Fished,1994,Praslin SW Granite,Cephalopholis leopardus,0,0,0,0,0
Recovering,Fished,2005,Praslin SW Granite,Cephalopholis leopardus,0,0,0,0,0
Recovering,Fished,2008,Praslin SW Granite,Cephalopholis leopardus,0,0,0,0,0
Recovering,Fished,2011,Praslin SW Granite,Cephalopholis leopardus,0,0,0,0,0
Recovering,Fished,2014,Praslin SW Granite,Cephalopholis leopardus,0,0,0,0,0
Recovering,Fished,2017,Praslin SW Granite,Cephalopholis leopardus,0,0,0,0,0
Shifted,Fished,1994,Praslin SW Patch,Cephalopholis leopardus,0,0,0,0,0
Shifted,Fished,2005,Praslin SW Patch,Cephalopholis leopardus,0,0,0,0,0
Shifted,Fished,2008,Praslin SW Patch,Cephalopholis leopardus,0.406007508,0.608290193,0.267851617,0.267851617,44.03352547
Shifted,Fished,2011,Praslin SW Patch,Cephalopholis leopardus,0,0,0,0,0
Shifted,Fished,2014,Praslin SW Patch,Cephalopholis leopardus,0,0,0,0,0
Shifted,Fished,2017,Praslin SW Patch,Cephalopholis leopardus,0,0,0,0,0
Shifted,Fished,1994,Mahe E Carbonate,Chlorurus sordidus,15.4282853,53.04402437,20.71943993,20.0993103,37.89175224
Shifted,Fished,2005,Mahe E Carbonate,Chlorurus sordidus,8.526157665,53.49461282,13.0417574,12.68568743,23.71395317
Shifted,Fished,2008,Mahe E Carbonate,Chlorurus sordidus,25.17246549,62.82439816,28.70421031,28.11418283,44.75042127
Shifted,Fished,2011,Mahe E Carbonate,Chlorurus sordidus,18.27033785,113.8848729,31.46135985,30.10945352,26.43850122
Shifted,Fished,2014,Mahe E Carbonate,Chlorurus sordidus,11.36821022,59.28914113,14.5940366,14.11416755,23.80565358
Shifted,Fished,2017,Mahe E Carbonate,Chlorurus sordidus,17.05231533,76.26385061,25.51814545,24.43335232,32.03792114
Shifted,Fished,1994,Mahe E Granite,Chlorurus sordidus,15.4282853,51.03469608,16.86713633,16.59859411,32.5241363
Shifted,Fished,2005,Mahe E Granite,Chlorurus sordidus,13.39824776,23.93216003,10.82802602,10.55436371,44.10117471
Shifted,Fished,2008,Mahe E Granite,Chlorurus sordidus,8.120150158,59.62936686,14.54230794,13.72178511,23.01179072
Shifted,Fished,2011,Mahe E Granite,Chlorurus sordidus,15.83429281,61.10002205,20.86619943,20.24778889,33.13875873
Shifted,Fished,2014,Mahe E Granite,Chlorurus sordidus,13.80425527,57.62526529,21.87160586,21.31083418,36.98175457
Shifted,Fished,2017,Mahe E Granite,Chlorurus sordidus,4.060075079,32.11395792,7.568910961,7.193699388,22.40053813
Recovering,Fished,1994,Mahe E Patch,Chlorurus sordidus,11.36821022,28.02932478,14.55495289,14.31068085,51.05610272
Recovering,Fished,2005,Mahe E Patch,Chlorurus sordidus,5.68410511,52.8497414,8.612547193,8.219360737,15.55231969
Recovering,Fished,2008,Mahe E Patch,Chlorurus sordidus,10.1501877,59.81652058,17.65436536,16.97341279,28.37579422
Recovering,Fished,2011,Mahe E Patch,Chlorurus sordidus,40.60075079,74.7991156,35.95855515,35.27269422,47.15656587
Recovering,Fished,2014,Mahe E Patch,Chlorurus sordidus,14.21026278,58.2556043,17.65173883,16.96978804,29.12988071
Recovering,Fished,2017,Mahe E Patch,Chlorurus sordidus,26.39048801,92.20569145,33.39646549,32.61461998,35.37159092
Recovering,Fished,1994,Mahe NW Granite,Chlorurus sordidus,25.578473,42.15962401,28.86753938,28.66912627,68.00138035
Recovering,Fished,2005,Mahe NW Granite,Chlorurus sordidus,1.218022524,34.38699467,1.799704842,1.624236493,4.723403452
Recovering,Fished,2008,Mahe NW Granite,Chlorurus sordidus,4.872090095,53.87612497,8.223076697,7.790677069,14.46035155
Recovering,Fished,2011,Mahe NW Granite,Chlorurus sordidus,4.060075079,28.07121462,6.033505314,5.690651476,20.27219539
Recovering,Fished,2014,Mahe NW Granite,Chlorurus sordidus,5.68410511,60.46710223,9.97180247,9.310203617,15.39713873
Recovering,Fished,2017,Mahe NW Granite,Chlorurus sordidus,15.83429281,108.2210699,26.68817371,25.58719987,23.64345491
Recovering,Fished,1994,Mahe NW Patch,Chlorurus sordidus,3.248060063,17.44258633,5.698572079,5.501003562,31.5377746
Recovering,Fished,2005,Mahe NW Patch,Chlorurus sordidus,0.406007508,2.501882405,0.93174528,0.889033309,35.53457619
Recovering,Fished,2008,Mahe NW Patch,Chlorurus sordidus,0,0,0,0,0
Recovering,Fished,2011,Mahe NW Patch,Chlorurus sordidus,10.1501877,59.06905518,18.01030801,17.2477689,29.19933093
Recovering,Fished,2014,Mahe NW Patch,Chlorurus sordidus,9.338172681,56.25138865,14.61151524,14.0642023,25.00240908
Recovering,Fished,2017,Mahe NW Patch,Chlorurus sordidus,18.27033785,78.56350245,26.27016257,25.44788397,32.39148355
Recovering,Fished,1994,Mahe W Carbonate,Chlorurus sordidus,5.278097602,39.26575684,10.37614805,9.800972928,24.96061128
Recovering,Fished,2005,Mahe W Carbonate,Chlorurus sordidus,2.842052555,26.68749931,6.012297131,5.687532773,21.31159876
Recovering,Fished,2008,Mahe W Carbonate,Chlorurus sordidus,10.96220271,70.86544026,15.59667229,14.95266756,21.10008419
Recovering,Fished,2011,Mahe W Carbonate,Chlorurus sordidus,13.39824776,50.14995046,20.02900505,19.36843153,38.62103822
Recovering,Fished,2014,Mahe W Carbonate,Chlorurus sordidus,21.11239041,70.70594807,26.66974374,26.08019164,36.88542809
Recovering,Fished,2017,Mahe W Carbonate,Chlorurus sordidus,51.15694599,142.0138054,70.3563019,69.21054359,48.73508135
Recovering,Fished,1994,Mahe W Granite,Chlorurus sordidus,2.842052555,25.29052935,6.367604855,5.989716195,23.68363316
Recovering,Fished,2005,Mahe W Granite,Chlorurus sordidus,4.872090095,21.06136796,7.127736316,6.944327382,32.97187246
Recovering,Fished,2008,Mahe W Granite,Chlorurus sordidus,4.060075079,33.70262476,6.744605981,6.494096292,19.26881463
Recovering,Fished,2011,Mahe W Granite,Chlorurus sordidus,8.120150158,51.99056107,12.03082929,11.55074558,22.21700505
Recovering,Fished,2014,Mahe W Granite,Chlorurus sordidus,10.1501877,119.2282022,21.97395163,20.40928804,17.11783594
Recovering,Fished,2017,Mahe W Granite,Chlorurus sordidus,12.58623274,102.4794284,21.82706525,20.72969117,20.22814872
Recovering,Fished,1994,Mahe W Patch,Chlorurus sordidus,2.842052555,24.31795965,6.063958451,5.711995266,23.48879326
Recovering,Fished,2005,Mahe W Patch,Chlorurus sordidus,4.466082587,35.02934291,5.769142459,5.423740978,15.48342198
Recovering,Fished,2008,Mahe W Patch,Chlorurus sordidus,6.090112618,19.55919771,9.419513108,9.220111083,47.13951574
Recovering,Fished,2011,Mahe W Patch,Chlorurus sordidus,12.18022524,81.27901536,18.43131307,17.67829546,21.75013487
Recovering,Fished,2014,Mahe W Patch,Chlorurus sordidus,19.08235287,109.3538554,29.1677781,28.1730262,25.76317597
Recovering,Fished,2017,Mahe W Patch,Chlorurus sordidus,50.75093848,182.7603227,73.76094746,71.7048062,39.23433989
Shifted,Fished,1994,Praslin NE Carbonate,Chlorurus sordidus,6.902127634,25.49416503,9.912573581,9.675819847,37.95307606
Shifted,Fished,2005,Praslin NE Carbonate,Chlorurus sordidus,4.060075079,32.91129137,7.086238695,6.631431066,20.14941009
Shifted,Fished,2008,Praslin NE Carbonate,Chlorurus sordidus,3.654067571,6.8552851,3.728975866,3.648017075,53.21466609
Shifted,Fished,2011,Praslin NE Carbonate,Chlorurus sordidus,3.654067571,2.835781675,2.981298867,2.981298867,105.1314667
Shifted,Fished,2014,Praslin NE Carbonate,Chlorurus sordidus,0.812015016,0.490607143,0.57418567,0.57418567,117.0357338
Shifted,Fished,2017,Praslin NE Carbonate,Chlorurus sordidus,0.812015016,0.741457682,0.711091228,0.711091228,95.90449272
Shifted,Fished,1994,Praslin SW Carbonate,Chlorurus sordidus,13.39824776,55.98582374,20.43791146,19.92624545,35.59159108
Shifted,Fished,2005,Praslin SW Carbonate,Chlorurus sordidus,10.1501877,22.12347454,12.42970017,12.25687362,55.40211865
Shifted,Fished,2008,Praslin SW Carbonate,Chlorurus sordidus,11.77421773,19.11576507,13.53082648,13.44107131,70.31406413
Shifted,Fished,2011,Praslin SW Carbonate,Chlorurus sordidus,6.902127634,22.46248043,9.114874727,8.934316918,39.77440045
Shifted,Fished,2014,Praslin SW Carbonate,Chlorurus sordidus,5.68410511,17.31643062,8.164562074,8.009436333,46.25339084
Shifted,Fished,2017,Praslin SW Carbonate,Chlorurus sordidus,10.96220271,49.98205195,17.21000761,16.77309007,33.55822624
Recovering,Fished,1994,Praslin SW Granite,Chlorurus sordidus,1.218022524,2.534619157,1.683397229,1.676108938,66.12863055
Recovering,Fished,2005,Praslin SW Granite,Chlorurus sordidus,2.030037539,11.34987096,3.78294444,3.627327761,31.95919826
Recovering,Fished,2008,Praslin SW Granite,Chlorurus sordidus,4.060075079,27.72338348,6.828531718,6.561023698,23.66602801
Recovering,Fished,2011,Praslin SW Granite,Chlorurus sordidus,4.466082587,19.48957823,5.55067243,5.360282648,27.50332811
Recovering,Fished,2014,Praslin SW Granite,Chlorurus sordidus,8.526157665,39.68934291,13.88409077,13.48512977,33.97670202
Recovering,Fished,2017,Praslin SW Granite,Chlorurus sordidus,10.1501877,74.75120539,19.34834826,18.49324943,24.73973407
Shifted,Fished,1994,Praslin SW Patch,Chlorurus sordidus,15.83429281,46.71891578,18.58506859,18.0147275,38.55981501
Shifted,Fished,2005,Praslin SW Patch,Chlorurus sordidus,11.36821022,41.23086339,15.15051189,14.65589243,35.54592658
Shifted,Fished,2008,Praslin SW Patch,Chlorurus sordidus,19.08235287,78.98094218,19.35403837,18.53805274,23.47155178
Shifted,Fished,2011,Praslin SW Patch,Chlorurus sordidus,13.39824776,68.35372961,19.22394702,18.4344453,26.9691872
Shifted,Fished,2014,Praslin SW Patch,Chlorurus sordidus,13.80425527,111.1783761,20.94758913,19.97543838,17.96701759
Shifted,Fished,2017,Praslin SW Patch,Chlorurus sordidus,12.99224025,96.7028154,21.99453983,21.04806636,21.7657224
Shifted,Fished,1994,Mahe E Carbonate,Lutjanus bohar,0.812015016,3.836291685,2.033730493,1.923046704,50.12774998
Shifted,Fished,2005,Mahe E Carbonate,Lutjanus bohar,0,0,0,0,0
Shifted,Fished,2008,Mahe E Carbonate,Lutjanus bohar,0.812015016,1.426239799,1.092031141,1.066954297,74.80889939
Shifted,Fished,2011,Mahe E Carbonate,Lutjanus bohar,0,0,0,0,0
Shifted,Fished,2014,Mahe E Carbonate,Lutjanus bohar,0,0,0,0,0
Shifted,Fished,2017,Mahe E Carbonate,Lutjanus bohar,0,0,0,0,0
Shifted,Fished,1994,Mahe E Granite,Lutjanus bohar,0.406007508,1.422160268,0.917345364,0.882641644,62.06344419
Shifted,Fished,2005,Mahe E Granite,Lutjanus bohar,0.812015016,2.674343863,1.539206098,1.453496383,54.34964452
Shifted,Fished,2008,Mahe E Granite,Lutjanus bohar,0.812015016,4.923690079,2.376474804,2.216085251,45.00862596
Shifted,Fished,2011,Mahe E Granite,Lutjanus bohar,0,0,0,0,0
Shifted,Fished,2014,Mahe E Granite,Lutjanus bohar,0,0,0,0,0
Shifted,Fished,2017,Mahe E Granite,Lutjanus bohar,0,0,0,0,0
Recovering,Fished,1994,Mahe E Patch,Lutjanus bohar,0,0,0,0,0
Recovering,Fished,2005,Mahe E Patch,Lutjanus bohar,0.406007508,0.890768877,0.707196339,0.699705884,78.55077812
Recovering,Fished,2008,Mahe E Patch,Lutjanus bohar,0,0,0,0,0
Recovering,Fished,2011,Mahe E Patch,Lutjanus bohar,0,0,0,0,0
Recovering,Fished,2014,Mahe E Patch,Lutjanus bohar,0,0,0,0,0
Recovering,Fished,2017,Mahe E Patch,Lutjanus bohar,0,0,0,0,0
Recovering,Fished,1994,Mahe NW Granite,Lutjanus bohar,0.406007508,0.10867734,0.163382512,0.163382512,150.3372392
Recovering,Fished,2005,Mahe NW Granite,Lutjanus bohar,0.406007508,1.422160268,0.881700975,0.848345704,59.65190587
Recovering,Fished,2008,Mahe NW Granite,Lutjanus bohar,0,0,0,0,0
Recovering,Fished,2011,Mahe NW Granite,Lutjanus bohar,0,0,0,0,0
Recovering,Fished,2014,Mahe NW Granite,Lutjanus bohar,0,0,0,0,0
Recovering,Fished,2017,Mahe NW Granite,Lutjanus bohar,0,0,0,0,0
Recovering,Fished,1994,Mahe NW Patch,Lutjanus bohar,0,0,0,0,0
Recovering,Fished,2005,Mahe NW Patch,Lutjanus bohar,0,0,0,0,0
Recovering,Fished,2008,Mahe NW Patch,Lutjanus bohar,0,0,0,0,0
Recovering,Fished,2011,Mahe NW Patch,Lutjanus bohar,0,0,0,0,0
Recovering,Fished,2014,Mahe NW Patch,Lutjanus bohar,0.812015016,8.156046169,3.288200522,2.980113127,36.5386986
Recovering,Fished,2017,Mahe NW Patch,Lutjanus bohar,0,0,0,0,0
Recovering,Fished,1994,Mahe W Carbonate,Lutjanus bohar,0,0,0,0,0
Recovering,Fished,2005,Mahe W Carbonate,Lutjanus bohar,0,0,0,0,0
Recovering,Fished,2008,Mahe W Carbonate,Lutjanus bohar,0,0,0,0,0
Recovering,Fished,2011,Mahe W Carbonate,Lutjanus bohar,0,0,0,0,0
Recovering,Fished,2014,Mahe W Carbonate,Lutjanus bohar,0,0,0,0,0
Recovering,Fished,2017,Mahe W Carbonate,Lutjanus bohar,2.436045047,17.59917797,7.596201388,6.976780029,39.64264718
Recovering,Fished,1994,Mahe W Granite,Lutjanus bohar,0,0,0,0,0
Recovering,Fished,2005,Mahe W Granite,Lutjanus bohar,0,0,0,0,0
Recovering,Fished,2008,Mahe W Granite,Lutjanus bohar,0,0,0,0,0
Recovering,Fished,2011,Mahe W Granite,Lutjanus bohar,0,0,0,0,0
Recovering,Fished,2014,Mahe W Granite,Lutjanus bohar,0.406007508,1.226419419,0.851109864,0.82616104,67.36366265
Recovering,Fished,2017,Mahe W Granite,Lutjanus bohar,0,0,0,0,0
Recovering,Fished,1994,Mahe W Patch,Lutjanus bohar,0,0,0,0,0
Recovering,Fished,2005,Mahe W Patch,Lutjanus bohar,0,0,0,0,0
Recovering,Fished,2008,Mahe W Patch,Lutjanus bohar,1.218022524,1.884156768,1.552262938,1.552262938,82.38502046
Recovering,Fished,2011,Mahe W Patch,Lutjanus bohar,0,0,0,0,0
Recovering,Fished,2014,Mahe W Patch,Lutjanus bohar,0.406007508,0.890768877,0.717718826,0.710116919,79.71954763
Recovering,Fished,2017,Mahe W Patch,Lutjanus bohar,0.406007508,3.787833715,1.567267907,1.425496291,37.6335499
Shifted,Fished,1994,Praslin NE Carbonate,Lutjanus bohar,1.218022524,11.80180939,4.793744798,4.351531926,36.87173535
Shifted,Fished,2005,Praslin NE Carbonate,Lutjanus bohar,0,0,0,0,0
Shifted,Fished,2008,Praslin NE Carbonate,Lutjanus bohar,0,0,0,0,0
Shifted,Fished,2011,Praslin NE Carbonate,Lutjanus bohar,0,0,0,0,0
Shifted,Fished,2014,Praslin NE Carbonate,Lutjanus bohar,0,0,0,0,0
Shifted,Fished,2017,Praslin NE Carbonate,Lutjanus bohar,0,0,0,0,0
Shifted,Fished,1994,Praslin SW Carbonate,Lutjanus bohar,0,0,0,0,0
Shifted,Fished,2005,Praslin SW Carbonate,Lutjanus bohar,0.812015016,2.171063074,1.367215026,1.335977174,61.53562236
Shifted,Fished,2008,Praslin SW Carbonate,Lutjanus bohar,0,0,0,0,0
Shifted,Fished,2011,Praslin SW Carbonate,Lutjanus bohar,0,0,0,0,0
Shifted,Fished,2014,Praslin SW Carbonate,Lutjanus bohar,0,0,0,0,0
Shifted,Fished,2017,Praslin SW Carbonate,Lutjanus bohar,0,0,0,0,0
Recovering,Fished,1994,Praslin SW Granite,Lutjanus bohar,0,0,0,0,0
Recovering,Fished,2005,Praslin SW Granite,Lutjanus bohar,0.812015016,0.747208492,0.738656473,0.738656473,98.85547082
Recovering,Fished,2008,Praslin SW Granite,Lutjanus bohar,4.466082587,167.9868104,27.53574071,23.40282837,13.93134872
Recovering,Fished,2011,Praslin SW Granite,Lutjanus bohar,0.812015016,44.57723483,6.513911459,5.463470189,12.25618909
Recovering,Fished,2014,Praslin SW Granite,Lutjanus bohar,1.624030032,49.46144709,9.855611545,8.490174561,17.16523689
Recovering,Fished,2017,Praslin SW Granite,Lutjanus bohar,1.218022524,11.8508092,3.827866058,3.480095358,29.36588803
Shifted,Fished,1994,Praslin SW Patch,Lutjanus bohar,0,0,0,0,0
Shifted,Fished,2005,Praslin SW Patch,Lutjanus bohar,0.812015016,0.830886238,0.813292654,0.813292654,97.88255198
Shifted,Fished,2008,Praslin SW Patch,Lutjanus bohar,1.218022524,2.831153073,2.176805046,2.146362156,75.81229628
Shifted,Fished,2011,Praslin SW Patch,Lutjanus bohar,0,0,0,0,0
Shifted,Fished,2014,Praslin SW Patch,Lutjanus bohar,0,0,0,0,0
Shifted,Fished,2017,Praslin SW Patch,Lutjanus bohar,4.060075079,29.53852797,12.37898702,11.40350398,38.60552562
Shifted,Fished,1994,Mahe E Carbonate,Scarus ghobban,0,0,0,0,0
Shifted,Fished,2005,Mahe E Carbonate,Scarus ghobban,4.060075079,27.80765159,12.41071358,11.53255899,41.47261036
Shifted,Fished,2008,Mahe E Carbonate,Scarus ghobban,0,0,0,0,0
Shifted,Fished,2011,Mahe E Carbonate,Scarus ghobban,0.406007508,1.946968553,1.208743398,1.14421955,58.76928771
Shifted,Fished,2014,Mahe E Carbonate,Scarus ghobban,1.624030032,10.45452724,5.129980675,4.782049806,45.74142566
Shifted,Fished,2017,Mahe E Carbonate,Scarus ghobban,0.406007508,5.329089925,1.923435368,1.721782872,32.30913526
Shifted,Fished,1994,Mahe E Granite,Scarus ghobban,2.436045047,12.80469967,5.871331693,5.45580021,42.60779518
Shifted,Fished,2005,Mahe E Granite,Scarus ghobban,0,0,0,0,0
Shifted,Fished,2008,Mahe E Granite,Scarus ghobban,0,0,0,0,0
Shifted,Fished,2011,Mahe E Granite,Scarus ghobban,2.436045047,11.61651142,6.357566321,6.006403941,51.70574644
Shifted,Fished,2014,Mahe E Granite,Scarus ghobban,0,0,0,0,0
Shifted,Fished,2017,Mahe E Granite,Scarus ghobban,4.872090095,51.7280371,18.53747017,16.81542818,32.50737729
Recovering,Fished,1994,Mahe E Patch,Scarus ghobban,1.624030032,12.70035295,5.461835191,4.998561595,39.35765893
Recovering,Fished,2005,Mahe E Patch,Scarus ghobban,4.060075079,36.77111751,12.72350407,11.59463077,31.53189664
Recovering,Fished,2008,Mahe E Patch,Scarus ghobban,6.902127634,45.86273734,21.01055742,19.34643402,42.18333911
Recovering,Fished,2011,Mahe E Patch,Scarus ghobban,4.060075079,22.14404079,11.36977799,10.64431625,48.06853613
Recovering,Fished,2014,Mahe E Patch,Scarus ghobban,1.624030032,7.443530801,4.176246523,3.966743111,53.29114928
Recovering,Fished,2017,Mahe E Patch,Scarus ghobban,0,0,0,0,0
Recovering,Fished,1994,Mahe NW Granite,Scarus ghobban,1.218022524,2.343861472,1.985869381,1.958957098,83.57819441
Recovering,Fished,2005,Mahe NW Granite,Scarus ghobban,1.624030032,21.3163597,7.493633151,6.708002473,31.4687994
Recovering,Fished,2008,Mahe NW Granite,Scarus ghobban,1.218022524,24.68908696,5.477782739,4.75889188,19.27528502
Recovering,Fished,2011,Mahe NW Granite,Scarus ghobban,0,0,0,0,0
Recovering,Fished,2014,Mahe NW Granite,Scarus ghobban,0,0,0,0,0
Recovering,Fished,2017,Mahe NW Granite,Scarus ghobban,0,0,0,0,0
Recovering,Fished,1994,Mahe NW Patch,Scarus ghobban,0,0,0,0,0
Recovering,Fished,2005,Mahe NW Patch,Scarus ghobban,0,0,0,0,0
Recovering,Fished,2008,Mahe NW Patch,Scarus ghobban,0.406007508,0.42854373,0.441507532,0.441507532,103.0250825
Recovering,Fished,2011,Mahe NW Patch,Scarus ghobban,1.218022524,2.622067171,2.102974633,2.068639057,78.89344256
Recovering,Fished,2014,Mahe NW Patch,Scarus ghobban,0,0,0,0,0
Recovering,Fished,2017,Mahe NW Patch,Scarus ghobban,0,0,0,0,0
Recovering,Fished,1994,Mahe W Carbonate,Scarus ghobban,0,0,0,0,0
Recovering,Fished,2005,Mahe W Carbonate,Scarus ghobban,0,0,0,0,0
Recovering,Fished,2008,Mahe W Carbonate,Scarus ghobban,0,0,0,0,0
Recovering,Fished,2011,Mahe W Carbonate,Scarus ghobban,0.812015016,17.24594755,4.251741841,3.738112293,21.67530825
Recovering,Fished,2014,Mahe W Carbonate,Scarus ghobban,0,0,0,0,0
Recovering,Fished,2017,Mahe W Carbonate,Scarus ghobban,0,0,0,0,0
Recovering,Fished,1994,Mahe W Granite,Scarus ghobban,0,0,0,0,0
Recovering,Fished,2005,Mahe W Granite,Scarus ghobban,0,0,0,0,0
Recovering,Fished,2008,Mahe W Granite,Scarus ghobban,0,0,0,0,0
Recovering,Fished,2011,Mahe W Granite,Scarus ghobban,0,0,0,0,0
Recovering,Fished,2014,Mahe W Granite,Scarus ghobban,0,0,0,0,0
Recovering,Fished,2017,Mahe W Granite,Scarus ghobban,0,0,0,0,0
Recovering,Fished,1994,Mahe W Patch,Scarus ghobban,0,0,0,0,0
Recovering,Fished,2005,Mahe W Patch,Scarus ghobban,0,0,0,0,0
Recovering,Fished,2008,Mahe W Patch,Scarus ghobban,0,0,0,0,0
Recovering,Fished,2011,Mahe W Patch,Scarus ghobban,0,0,0,0,0
Recovering,Fished,2014,Mahe W Patch,Scarus ghobban,0,0,0,0,0
Recovering,Fished,2017,Mahe W Patch,Scarus ghobban,0,0,0,0,0
Shifted,Fished,1994,Praslin NE Carbonate,Scarus ghobban,2.030037539,10.48134194,5.986516335,5.643760713,53.84578374
Shifted,Fished,2005,Praslin NE Carbonate,Scarus ghobban,2.030037539,6.858870132,4.575674491,4.393680892,64.05837707
Shifted,Fished,2008,Praslin NE Carbonate,Scarus ghobban,2.842052555,10.15461427,6.652926706,6.400611725,63.03155942
Shifted,Fished,2011,Praslin NE Carbonate,Scarus ghobban,3.248060063,2.338280638,2.813414997,2.813414997,120.3198175
Shifted,Fished,2014,Praslin NE Carbonate,Scarus ghobban,3.654067571,7.060870706,5.403654436,5.257522017,74.45996727
Shifted,Fished,2017,Praslin NE Carbonate,Scarus ghobban,3.248060063,6.871961734,5.709408939,5.630196493,81.92997445
Shifted,Fished,1994,Praslin SW Carbonate,Scarus ghobban,0,0,0,0,0
Shifted,Fished,2005,Praslin SW Carbonate,Scarus ghobban,3.654067571,20.40965497,10.44514655,9.781844625,47.92753546
Shifted,Fished,2008,Praslin SW Carbonate,Scarus ghobban,0.406007508,0.267839351,0.320281234,0.320281234,119.5796036
Shifted,Fished,2011,Praslin SW Carbonate,Scarus ghobban,10.1501877,56.60954122,27.59704045,25.89818662,45.74880146
Shifted,Fished,2014,Praslin SW Carbonate,Scarus ghobban,0.812015016,5.046206574,2.80596808,2.616911289,51.85898062
Shifted,Fished,2017,Praslin SW Carbonate,Scarus ghobban,3.248060063,21.01352869,10.65703904,9.918181829,47.19903057
Recovering,Fished,1994,Praslin SW Granite,Scarus ghobban,0.406007508,4.37717057,1.711529703,1.54805813,35.36663937
Recovering,Fished,2005,Praslin SW Granite,Scarus ghobban,2.436045047,9.369310381,5.420530423,5.094588393,54.37527615
Recovering,Fished,2008,Praslin SW Granite,Scarus ghobban,1.624030032,21.41496469,7.792912088,6.974144563,32.56668719
Recovering,Fished,2011,Praslin SW Granite,Scarus ghobban,1.218022524,10.7203563,4.922324671,4.504725143,42.02029314
Recovering,Fished,2014,Praslin SW Granite,Scarus ghobban,0.406007508,5.853286306,2.049339684,1.825661317,31.19036421
Recovering,Fished,2017,Praslin SW Granite,Scarus ghobban,15.02227779,145.0157525,61.40858741,55.88377865,38.53635049
Shifted,Fished,1994,Praslin SW Patch,Scarus ghobban,0.812015016,1.042460814,1.039826107,1.039826107,99.74726076
Shifted,Fished,2005,Praslin SW Patch,Scarus ghobban,2.030037539,0.388993316,0.630078292,0.630078292,161.9766371
Shifted,Fished,2008,Praslin SW Patch,Scarus ghobban,0.812015016,4.163708975,2.529672636,2.385238975,57.28639993
Shifted,Fished,2011,Praslin SW Patch,Scarus ghobban,1.218022524,4.790753765,2.877150396,2.738786273,57.16817033
Shifted,Fished,2014,Praslin SW Patch,Scarus ghobban,0.406007508,2.510555643,1.360273016,1.268885541,50.54202025
Shifted,Fished,2017,Praslin SW Patch,Scarus ghobban,0,0,0,0,0
Shifted,Fished,1994,Mahe E Carbonate,Scarus rubroviolaceus,0,0,0,0,0
Shifted,Fished,2005,Mahe E Carbonate,Scarus rubroviolaceus,2.436045047,13.53338455,7.992694265,7.495217389,55.38317012
Shifted,Fished,2008,Mahe E Carbonate,Scarus rubroviolaceus,6.496120126,41.92474584,22.01959972,20.49314451,48.88078412
Shifted,Fished,2011,Mahe E Carbonate,Scarus rubroviolaceus,2.030037539,36.311511,11.52953018,10.16175513,27.98494155
Shifted,Fished,2014,Mahe E Carbonate,Scarus rubroviolaceus,2.436045047,35.95879769,10.56565258,9.532911504,26.5106514
Shifted,Fished,2017,Mahe E Carbonate,Scarus rubroviolaceus,7.71414265,54.11718746,20.91488835,19.2867906,35.63893746
Shifted,Fished,1994,Mahe E Granite,Scarus rubroviolaceus,0,0,0,0,0
Shifted,Fished,2005,Mahe E Granite,Scarus rubroviolaceus,0,0,0,0,0
Shifted,Fished,2008,Mahe E Granite,Scarus rubroviolaceus,2.436045047,9.057473787,6.005801446,5.730639566,63.26973394
Shifted,Fished,2011,Mahe E Granite,Scarus rubroviolaceus,0,0,0,0,0
Shifted,Fished,2014,Mahe E Granite,Scarus rubroviolaceus,1.624030032,3.006873947,3.055996659,3.03651242,100.9856906
Shifted,Fished,2017,Mahe E Granite,Scarus rubroviolaceus,2.436045047,4.131745206,3.721777329,3.660913461,88.60453099
Recovering,Fished,1994,Mahe E Patch,Scarus rubroviolaceus,0,0,0,0,0
Recovering,Fished,2005,Mahe E Patch,Scarus rubroviolaceus,0,0,0,0,0
Recovering,Fished,2008,Mahe E Patch,Scarus rubroviolaceus,5.68410511,32.83661515,16.27990183,15.05267173,45.84111872
Recovering,Fished,2011,Mahe E Patch,Scarus rubroviolaceus,8.932165173,84.18196503,37.13820835,33.84594041,40.20569061
Recovering,Fished,2014,Mahe E Patch,Scarus rubroviolaceus,2.436045047,18.22669006,8.36307163,7.747503588,42.50636602
Recovering,Fished,2017,Mahe E Patch,Scarus rubroviolaceus,11.36821022,41.48515406,25.85296172,24.32719657,58.64072851
Recovering,Fished,1994,Mahe NW Granite,Scarus rubroviolaceus,0,0,0,0,0
Recovering,Fished,2005,Mahe NW Granite,Scarus rubroviolaceus,1.218022524,36.2007464,7.641552553,6.602435355,18.23839564
Recovering,Fished,2008,Mahe NW Granite,Scarus rubroviolaceus,4.466082587,108.8042903,21.01233615,18.58476471,17.08091165
Recovering,Fished,2011,Mahe NW Granite,Scarus rubroviolaceus,5.68410511,62.77082461,17.46030044,16.06623835,25.59507295
Recovering,Fished,2014,Mahe NW Granite,Scarus rubroviolaceus,4.060075079,35.37804599,14.51542379,13.39659062,37.86696026
Recovering,Fished,2017,Mahe NW Granite,Scarus rubroviolaceus,11.77421773,163.734931,51.79184312,46.56487607,28.43918264
Recovering,Fished,1994,Mahe NW Patch,Scarus rubroviolaceus,0,0,0,0,0
Recovering,Fished,2005,Mahe NW Patch,Scarus rubroviolaceus,0,0,0,0,0
Recovering,Fished,2008,Mahe NW Patch,Scarus rubroviolaceus,0.812015016,6.674609049,3.315568703,3.044859913,45.61855071
Recovering,Fished,2011,Mahe NW Patch,Scarus rubroviolaceus,2.030037539,10.0733363,5.667341804,5.305517257,52.66891821
Recovering,Fished,2014,Mahe NW Patch,Scarus rubroviolaceus,2.030037539,6.108073961,3.772316235,3.585459585,58.70033023
Recovering,Fished,2017,Mahe NW Patch,Scarus rubroviolaceus,0,0,0,0,0
Recovering,Fished,1994,Mahe W Carbonate,Scarus rubroviolaceus,0.406007508,3.11324222,1.645043221,1.514302877,48.64070221
Recovering,Fished,2005,Mahe W Carbonate,Scarus rubroviolaceus,0.812015016,4.415573071,2.80470096,2.631940953,59.60587471
Recovering,Fished,2008,Mahe W Carbonate,Scarus rubroviolaceus,1.624030032,47.28418871,10.64950074,9.195275426,19.44682922
Recovering,Fished,2011,Mahe W Carbonate,Scarus rubroviolaceus,2.842052555,103.1767142,15.17090423,13.09030551,12.68726729
Recovering,Fished,2014,Mahe W Carbonate,Scarus rubroviolaceus,0.406007508,3.11324222,1.643039218,1.512458143,48.58144777
Recovering,Fished,2017,Mahe W Carbonate,Scarus rubroviolaceus,0,0,0,0,0
Recovering,Fished,1994,Mahe W Granite,Scarus rubroviolaceus,1.218022524,10.00282198,4.903162504,4.496401214,44.95132698
Recovering,Fished,2005,Mahe W Granite,Scarus rubroviolaceus,0.812015016,1.015975761,1.166374665,1.166374665,114.8033949
Recovering,Fished,2008,Mahe W Granite,Scarus rubroviolaceus,1.624030032,51.2288495,10.60728346,9.124370992,17.81100119
Recovering,Fished,2011,Mahe W Granite,Scarus rubroviolaceus,9.338172681,88.70961698,23.49029409,21.63441002,24.387897
Recovering,Fished,2014,Mahe W Granite,Scarus rubroviolaceus,4.060075079,25.97936377,14.02478609,13.04457265,50.21128605
Recovering,Fished,2017,Mahe W Granite,Scarus rubroviolaceus,5.68410511,28.70763001,13.13453062,12.24699506,42.66111502
Recovering,Fished,1994,Mahe W Patch,Scarus rubroviolaceus,1.218022524,11.75302742,5.369988018,4.883912197,41.55450356
Recovering,Fished,2005,Mahe W Patch,Scarus rubroviolaceus,0.406007508,2.768567443,1.538867787,1.425753778,51.49788862
Recovering,Fished,2008,Mahe W Patch,Scarus rubroviolaceus,0,0,0,0,0
Recovering,Fished,2011,Mahe W Patch,Scarus rubroviolaceus,1.218022524,23.42986168,5.866590599,5.189722334,22.15003403
Recovering,Fished,2014,Mahe W Patch,Scarus rubroviolaceus,1.218022524,7.29156211,4.134292135,3.85969497,52.93371861
Recovering,Fished,2017,Mahe W Patch,Scarus rubroviolaceus,0,0,0,0,0
Shifted,Fished,1994,Praslin NE Carbonate,Scarus rubroviolaceus,0.812015016,1.836575375,1.69210756,1.662778681,90.53691468
Shifted,Fished,2005,Praslin NE Carbonate,Scarus rubroviolaceus,0,0,0,0,0
Shifted,Fished,2008,Praslin NE Carbonate,Scarus rubroviolaceus,0,0,0,0,0
Shifted,Fished,2011,Praslin NE Carbonate,Scarus rubroviolaceus,0,0,0,0,0
Shifted,Fished,2014,Praslin NE Carbonate,Scarus rubroviolaceus,0,0,0,0,0
Shifted,Fished,2017,Praslin NE Carbonate,Scarus rubroviolaceus,1.218022524,3.81777729,2.845507026,2.755392844,72.17269722
Shifted,Fished,1994,Praslin SW Carbonate,Scarus rubroviolaceus,0,0,0,0,0
Shifted,Fished,2005,Praslin SW Carbonate,Scarus rubroviolaceus,2.030037539,18.78028075,7.592258057,6.910103154,36.79446141
Shifted,Fished,2008,Praslin SW Carbonate,Scarus rubroviolaceus,0,0,0,0,0
Shifted,Fished,2011,Praslin SW Carbonate,Scarus rubroviolaceus,2.842052555,7.795441503,6.119891193,5.926896256,76.03028325
Shifted,Fished,2014,Praslin SW Carbonate,Scarus rubroviolaceus,1.218022524,15.75946254,4.746952869,4.297633643,27.27017899
Shifted,Fished,2017,Praslin SW Carbonate,Scarus rubroviolaceus,4.872090095,36.17812828,15.92209373,14.69725681,40.62470201
Recovering,Fished,1994,Praslin SW Granite,Scarus rubroviolaceus,0.406007508,6.976065,2.369566255,2.092043418,29.98887508
Recovering,Fished,2005,Praslin SW Granite,Scarus rubroviolaceus,1.218022524,36.3811375,6.928276815,6.024905293,16.56051929
Recovering,Fished,2008,Praslin SW Granite,Scarus rubroviolaceus,6.496120126,158.8870175,32.45033678,28.68028623,18.0507424
Recovering,Fished,2011,Praslin SW Granite,Scarus rubroviolaceus,6.090112618,73.58790664,21.71945091,19.90728905,27.05239211
Recovering,Fished,2014,Praslin SW Granite,Scarus rubroviolaceus,3.654067571,18.35000242,11.05878414,10.41110224,56.73624448
Recovering,Fished,2017,Praslin SW Granite,Scarus rubroviolaceus,11.77421773,94.00198043,39.8114134,36.97017302,39.3291427
Shifted,Fished,1994,Praslin SW Patch,Scarus rubroviolaceus,0,0,0,0,0
Shifted,Fished,2005,Praslin SW Patch,Scarus rubroviolaceus,1.218022524,0.88072447,1.01569332,1.01569332,115.3247531
Shifted,Fished,2008,Praslin SW Patch,Scarus rubroviolaceus,0.812015016,5.534755755,2.84885045,2.639575715,47.69091594
Shifted,Fished,2011,Praslin SW Patch,Scarus rubroviolaceus,2.436045047,9.045632742,6.52776972,6.247341298,69.06472412
Shifted,Fished,2014,Praslin SW Patch,Scarus rubroviolaceus,2.436045047,20.47252613,9.649181775,8.837323538,43.1667469
Shifted,Fished,2017,Praslin SW Patch,Scarus rubroviolaceus,0.812015016,19.60475895,5.149436517,4.482297717,22.8633146
Shifted,Fished,1994,Mahe E Carbonate,Siganus sutor,0,0,0,0,0
Shifted,Fished,2005,Mahe E Carbonate,Siganus sutor,0,0,0,0,0
Shifted,Fished,2008,Mahe E Carbonate,Siganus sutor,0,0,0,0,0
Shifted,Fished,2011,Mahe E Carbonate,Siganus sutor,0,0,0,0,0
Shifted,Fished,2014,Mahe E Carbonate,Siganus sutor,0,0,0,0,0
Shifted,Fished,2017,Mahe E Carbonate,Siganus sutor,1.218022524,4.897739006,2.99292898,2.840600453,57.99819976
Shifted,Fished,1994,Mahe E Granite,Siganus sutor,1.624030032,3.798581102,3.043702414,2.981715267,78.495501
Shifted,Fished,2005,Mahe E Granite,Siganus sutor,0,0,0,0,0
Shifted,Fished,2008,Mahe E Granite,Siganus sutor,0,0,0,0,0
Shifted,Fished,2011,Mahe E Granite,Siganus sutor,0,0,0,0,0
Shifted,Fished,2014,Mahe E Granite,Siganus sutor,1.218022524,8.394752846,3.50800716,3.229207152,38.46697111
Shifted,Fished,2017,Mahe E Granite,Siganus sutor,0,0,0,0,0
Recovering,Fished,1994,Mahe E Patch,Siganus sutor,0.812015016,0.73639143,0.973176958,0.973176958,132.1548457
Recovering,Fished,2005,Mahe E Patch,Siganus sutor,0,0,0,0,0
Recovering,Fished,2008,Mahe E Patch,Siganus sutor,0,0,0,0,0
Recovering,Fished,2011,Mahe E Patch,Siganus sutor,0,0,0,0,0
Recovering,Fished,2014,Mahe E Patch,Siganus sutor,0,0,0,0,0
Recovering,Fished,2017,Mahe E Patch,Siganus sutor,0.406007508,0.292881829,0.411865021,0.411865021,140.6249825
Recovering,Fished,1994,Mahe NW Granite,Siganus sutor,0,0,0,0,0
Recovering,Fished,2005,Mahe NW Granite,Siganus sutor,0,0,0,0,0
Recovering,Fished,2008,Mahe NW Granite,Siganus sutor,0,0,0,0,0
Recovering,Fished,2011,Mahe NW Granite,Siganus sutor,0,0,0,0,0
Recovering,Fished,2014,Mahe NW Granite,Siganus sutor,0,0,0,0,0
Recovering,Fished,2017,Mahe NW Granite,Siganus sutor,0,0,0,0,0
Recovering,Fished,1994,Mahe NW Patch,Siganus sutor,0,0,0,0,0
Recovering,Fished,2005,Mahe NW Patch,Siganus sutor,0,0,0,0,0
Recovering,Fished,2008,Mahe NW Patch,Siganus sutor,0,0,0,0,0
Recovering,Fished,2011,Mahe NW Patch,Siganus sutor,0,0,0,0,0
Recovering,Fished,2014,Mahe NW Patch,Siganus sutor,0,0,0,0,0
Recovering,Fished,2017,Mahe NW Patch,Siganus sutor,0,0,0,0,0
Recovering,Fished,1994,Mahe W Carbonate,Siganus sutor,0,0,0,0,0
Recovering,Fished,2005,Mahe W Carbonate,Siganus sutor,0,0,0,0,0
Recovering,Fished,2008,Mahe W Carbonate,Siganus sutor,3.248060063,10.16742402,6.546708776,6.296749386,61.9306264
Recovering,Fished,2011,Mahe W Carbonate,Siganus sutor,0,0,0,0,0
Recovering,Fished,2014,Mahe W Carbonate,Siganus sutor,0,0,0,0,0
Recovering,Fished,2017,Mahe W Carbonate,Siganus sutor,4.872090095,27.11261533,13.06247135,12.17123148,44.89139587
Recovering,Fished,1994,Mahe W Granite,Siganus sutor,0,0,0,0,0
Recovering,Fished,2005,Mahe W Granite,Siganus sutor,0,0,0,0,0
Recovering,Fished,2008,Mahe W Granite,Siganus sutor,0,0,0,0,0
Recovering,Fished,2011,Mahe W Granite,Siganus sutor,0,0,0,0,0
Recovering,Fished,2014,Mahe W Granite,Siganus sutor,0,0,0,0,0
Recovering,Fished,2017,Mahe W Granite,Siganus sutor,0.406007508,2.798250949,1.106107072,1.018198854,36.38697431
Recovering,Fished,1994,Mahe W Patch,Siganus sutor,0,0,0,0,0
Recovering,Fished,2005,Mahe W Patch,Siganus sutor,0,0,0,0,0
Recovering,Fished,2008,Mahe W Patch,Siganus sutor,0,0,0,0,0
Recovering,Fished,2011,Mahe W Patch,Siganus sutor,0,0,0,0,0
Recovering,Fished,2014,Mahe W Patch,Siganus sutor,0,0,0,0,0
Recovering,Fished,2017,Mahe W Patch,Siganus sutor,0,0,0,0,0
Shifted,Fished,1994,Praslin NE Carbonate,Siganus sutor,0,0,0,0,0
Shifted,Fished,2005,Praslin NE Carbonate,Siganus sutor,0,0,0,0,0
Shifted,Fished,2008,Praslin NE Carbonate,Siganus sutor,1.218022524,6.619045361,3.219721605,3.003410451,45.37528128
Shifted,Fished,2011,Praslin NE Carbonate,Siganus sutor,8.932165173,6.382129853,8.378028173,8.378028173,131.2732327
Shifted,Fished,2014,Praslin NE Carbonate,Siganus sutor,1.218022524,0.533855986,0.883289375,0.883289375,165.4546169
Shifted,Fished,2017,Praslin NE Carbonate,Siganus sutor,0,0,0,0,0
Shifted,Fished,1994,Praslin SW Carbonate,Siganus sutor,0,0,0,0,0
Shifted,Fished,2005,Praslin SW Carbonate,Siganus sutor,0,0,0,0,0
Shifted,Fished,2008,Praslin SW Carbonate,Siganus sutor,8.526157665,2.384182652,4.205187828,4.205187828,176.3785935
Shifted,Fished,2011,Praslin SW Carbonate,Siganus sutor,0,0,0,0,0
Shifted,Fished,2014,Praslin SW Carbonate,Siganus sutor,43.84881085,161.3396692,99.08223503,94.54572418,58.60042024
Shifted,Fished,2017,Praslin SW Carbonate,Siganus sutor,14.21026278,87.16479214,39.5836799,36.67409353,42.07443467
Recovering,Fished,1994,Praslin SW Granite,Siganus sutor,0,0,0,0,0
Recovering,Fished,2005,Praslin SW Granite,Siganus sutor,0,0,0,0,0
Recovering,Fished,2008,Praslin SW Granite,Siganus sutor,0,0,0,0,0
Recovering,Fished,2011,Praslin SW Granite,Siganus sutor,0.406007508,2.798250949,1.158124862,1.066082513,38.0981739
Recovering,Fished,2014,Praslin SW Granite,Siganus sutor,0.812015016,1.112212721,1.124519511,1.124519511,101.1065141
Recovering,Fished,2017,Praslin SW Granite,Siganus sutor,4.872090095,25.23395369,12.72971575,11.90889785,47.19394351
Shifted,Fished,1994,Praslin SW Patch,Siganus sutor,0,0,0,0,0
Shifted,Fished,2005,Praslin SW Patch,Siganus sutor,0,0,0,0,0
Shifted,Fished,2008,Praslin SW Patch,Siganus sutor,0,0,0,0,0
Shifted,Fished,2011,Praslin SW Patch,Siganus sutor,0,0,0,0,0
Shifted,Fished,2014,Praslin SW Patch,Siganus sutor,4.872090095,16.84621932,10.79698817,10.33674005,61.35940567
Shifted,Fished,2017,Praslin SW Patch,Siganus sutor,2.030037539,12.16803898,5.526024455,5.126470773,42.13062417
