state,Management,Year,Location,count,biomass.kgha,prod_yr_kgha,prod_yr_F0.2
Shifted,Protected,1994,Cousin Carbonate,1,389.5022941,120.4793777,120.4793777
Shifted,Protected,2005,Cousin Carbonate,1,745.2563893,166.6025868,166.6025868
Shifted,Protected,2008,Cousin Carbonate,1,727.0578203,188.5837174,188.5837174
Shifted,Protected,2011,Cousin Carbonate,1,1181.978938,265.4643539,265.4643539
Shifted,Protected,2014,Cousin Carbonate,1,213.6717624,69.96022584,69.96022584
Shifted,Protected,1994,Cousin Granite,1,525.3606822,211.3542138,211.3542138
Shifted,Protected,2005,Cousin Granite,1,356.5683807,102.5009543,102.5009543
Shifted,Protected,2008,Cousin Granite,1,561.2271857,189.7441677,189.7441677
Shifted,Protected,2011,Cousin Granite,1,738.1369808,266.3447971,266.3447971
Shifted,Protected,2014,Cousin Granite,1,458.731036,79.43745734,79.43745734
Shifted,Protected,1994,Cousin Patch,1,654.3227913,219.7940504,219.7940504
Shifted,Protected,2005,Cousin Patch,1,119.1843656,62.75486194,62.75486194
Shifted,Protected,2008,Cousin Patch,1,1130.241919,238.1951653,238.1951653
Shifted,Protected,2011,Cousin Patch,1,1002.746276,274.4832216,274.4832216
Shifted,Protected,2014,Cousin Patch,1,617.2419743,250.0819921,250.0819921
Shifted,Fished,1994,Mahe E Carbonate,1,536.9309996,166.2190029,161.0800179
Shifted,Fished,2005,Mahe E Carbonate,1,202.8312653,55.48703625,54.3443656
Shifted,Fished,2008,Mahe E Carbonate,1,568.8853384,177.2562675,167.7510888
Shifted,Fished,2011,Mahe E Carbonate,1,257.1784175,113.3970715,111.2815461
Shifted,Fished,2014,Mahe E Carbonate,1,511.4394691,191.3450956,182.5422447
Shifted,Fished,2017,Mahe E Carbonate,1,454.1824286,137.9994527,126.3657163
Shifted,Fished,1994,Mahe E Granite,1,258.4393683,92.2608584,87.68414577
Shifted,Fished,2005,Mahe E Granite,1,82.95443784,35.08726635,35.08043945
Shifted,Fished,2008,Mahe E Granite,1,531.3180358,151.7151614,138.9944387
Shifted,Fished,2011,Mahe E Granite,1,528.6726894,174.8283198,164.3718637
Shifted,Fished,2014,Mahe E Granite,1,519.3869201,214.9769857,206.1168795
Shifted,Fished,2017,Mahe E Granite,1,436.8906508,186.5036522,179.1030904
Recovering,Fished,1994,Mahe E Patch,1,589.6510238,180.6748101,168.5912121
Recovering,Fished,2005,Mahe E Patch,1,653.6721409,185.9249571,175.9014789
Recovering,Fished,2008,Mahe E Patch,1,314.5037257,52.84471618,49.51497232
Recovering,Fished,2011,Mahe E Patch,1,114.1401959,72.34313936,72.13014305
Recovering,Fished,2014,Mahe E Patch,1,184.1880916,114.8854001,113.0884094
Recovering,Fished,2017,Mahe E Patch,1,150.6024138,85.88158469,83.93331416
Recovering,Protected,1994,Mahe NW Carbonate,1,427.0693556,149.9104789,149.9104789
Recovering,Protected,2005,Mahe NW Carbonate,1,172.4998577,70.32325313,70.32325313
Recovering,Protected,2008,Mahe NW Carbonate,1,275.0234345,108.9682578,108.9682578
Recovering,Protected,2011,Mahe NW Carbonate,1,604.5705696,123.8959541,123.8959541
Recovering,Protected,2014,Mahe NW Carbonate,1,697.3733566,186.5875106,186.5875106
Recovering,Protected,2017,Mahe NW Carbonate,1,755.9228288,358.6880195,358.6880195
Recovering,Fished,1994,Mahe NW Granite,1,112.995759,22.69202617,20.80038247
Recovering,Fished,2005,Mahe NW Granite,1,883.7518596,107.5811143,101.1246429
Recovering,Fished,2008,Mahe NW Granite,1,844.659042,184.197484,177.2653988
Recovering,Fished,2011,Mahe NW Granite,1,446.0574134,178.640794,172.618816
Recovering,Fished,2014,Mahe NW Granite,1,523.1574174,139.7672064,130.0652527
Recovering,Fished,2017,Mahe NW Granite,1,1192.982221,332.3032594,307.4928712
Recovering,Fished,1994,Mahe NW Patch,1,232.0594335,57.71077737,54.3847782
Recovering,Fished,2005,Mahe NW Patch,1,56.58055407,13.18927785,12.97255329
Recovering,Fished,2008,Mahe NW Patch,1,189.8253391,46.61710292,45.25679742
Recovering,Fished,2011,Mahe NW Patch,1,341.2002249,83.09529851,80.70270711
Recovering,Fished,2014,Mahe NW Patch,1,123.8650388,41.10720431,40.21276538
Recovering,Fished,2017,Mahe NW Patch,1,468.3213227,153.5826776,147.8203526
Recovering,Fished,1994,Mahe W Carbonate,1,274.2550368,70.31871951,66.67370185
Recovering,Fished,2005,Mahe W Carbonate,1,312.0294808,121.6643422,116.0867415
Recovering,Fished,2008,Mahe W Carbonate,1,587.1809298,113.9343297,109.6222969
Recovering,Fished,2011,Mahe W Carbonate,1,172.8560428,86.62857751,85.81457382
Recovering,Fished,2014,Mahe W Carbonate,1,317.3443445,151.4064976,149.0230895
Recovering,Fished,2017,Mahe W Carbonate,1,593.2965547,205.6832675,200.1862719
Recovering,Fished,1994,Mahe W Granite,1,179.7692493,46.84874329,44.56641643
Recovering,Fished,2005,Mahe W Granite,1,205.8241548,77.21486307,75.58855287
Recovering,Fished,2008,Mahe W Granite,1,469.2508559,157.8988377,151.1208316
Recovering,Fished,2011,Mahe W Granite,1,463.822873,104.1481781,99.13269827
Recovering,Fished,2014,Mahe W Granite,1,611.343798,149.37315,143.3417648
Recovering,Fished,2017,Mahe W Granite,1,402.0042,143.9748062,136.9759807
Recovering,Fished,1994,Mahe W Patch,1,226.2155958,56.17631846,52.32531154
Recovering,Fished,2005,Mahe W Patch,1,79.05404337,28.11049521,27.83296151
Recovering,Fished,2008,Mahe W Patch,1,134.7712713,62.75818183,62.15115387
Recovering,Fished,2011,Mahe W Patch,1,318.045207,106.3206541,104.5593489
Recovering,Fished,2014,Mahe W Patch,1,253.9949812,102.6047544,101.2539795
Recovering,Fished,2017,Mahe W Patch,1,429.2916714,136.1465317,128.3510537
Shifted,Fished,1994,Praslin NE Carbonate,1,411.7295484,147.2909288,141.1456615
Shifted,Fished,2005,Praslin NE Carbonate,1,507.3446572,124.1778452,113.4749244
Shifted,Fished,2008,Praslin NE Carbonate,1,70.47903559,50.84947327,50.63319173
Shifted,Fished,2011,Praslin NE Carbonate,1,78.05842354,47.3058243,46.82831315
Shifted,Fished,2014,Praslin NE Carbonate,1,158.7079779,104.5296864,103.05261
Shifted,Fished,2017,Praslin NE Carbonate,1,117.1045767,34.68675123,32.83692442
Recovering,Protected,1994,Praslin NE Granite,1,660.3938681,187.2521015,187.2521015
Recovering,Protected,2005,Praslin NE Granite,1,419.4814212,114.3503772,114.3503772
Recovering,Protected,2008,Praslin NE Granite,1,494.2457037,135.9566203,135.9566203
Recovering,Protected,2011,Praslin NE Granite,1,550.1448716,126.3067077,126.3067077
Recovering,Protected,2014,Praslin NE Granite,1,642.4399957,108.6323795,108.6323795
Recovering,Protected,2017,Praslin NE Granite,1,677.6069946,219.6682557,219.6682557
Recovering,Protected,1994,Praslin NE Patch,1,589.101784,127.2815867,127.2815867
Recovering,Protected,2005,Praslin NE Patch,1,676.5464762,135.5036026,135.5036026
Recovering,Protected,2008,Praslin NE Patch,1,492.8772162,99.88900472,99.88900472
Recovering,Protected,2011,Praslin NE Patch,1,80.67371014,45.4540537,45.4540537
Recovering,Protected,2014,Praslin NE Patch,1,575.092357,64.8748205,64.8748205
Recovering,Protected,2017,Praslin NE Patch,1,341.6390297,93.36730606,93.36730606
Shifted,Fished,1994,Praslin SW Carbonate,1,339.083369,110.3422248,108.2305455
Shifted,Fished,2005,Praslin SW Carbonate,1,58.60809236,47.32884311,47.32884311
Shifted,Fished,2008,Praslin SW Carbonate,1,15.75755746,12.80816116,12.80816116
Shifted,Fished,2011,Praslin SW Carbonate,1,152.6737435,96.21353493,93.66236548
Shifted,Fished,2014,Praslin SW Carbonate,1,856.3737222,365.5189463,355.1354547
Shifted,Fished,2017,Praslin SW Carbonate,1,393.4967858,150.8666807,141.8841922
Recovering,Fished,1994,Praslin SW Granite,1,223.1094899,75.99896358,73.25025532
Recovering,Fished,2005,Praslin SW Granite,1,177.6354357,75.75007978,71.9935343
Recovering,Fished,2008,Praslin SW Granite,1,1251.989297,206.5053505,190.8323163
Recovering,Fished,2011,Praslin SW Granite,1,768.4929303,280.7308643,255.9708062
Recovering,Fished,2014,Praslin SW Granite,1,819.5123059,357.1831362,340.0133595
Recovering,Fished,2017,Praslin SW Granite,1,1023.945985,304.7244136,287.3078067
Shifted,Fished,1994,Praslin SW Patch,1,270.9300733,93.94058903,91.95678
Shifted,Fished,2005,Praslin SW Patch,1,55.52213385,31.90874094,31.61763801
Shifted,Fished,2008,Praslin SW Patch,1,108.8955334,72.83110967,72.57538431
Shifted,Fished,2011,Praslin SW Patch,1,239.7058686,89.02866513,87.77983868
Shifted,Fished,2014,Praslin SW Patch,1,522.9877562,116.2851694,112.2650517
Shifted,Fished,2017,Praslin SW Patch,1,606.427642,190.0979379,181.1928749
Shifted,Protected,1994,Ste Anne Carbonate,1,712.0002948,174.0486559,174.0486559
Shifted,Protected,2005,Ste Anne Carbonate,1,256.822709,99.04905241,99.04905241
Shifted,Protected,2008,Ste Anne Carbonate,1,34.09161364,22.06213781,22.06213781
Shifted,Protected,2011,Ste Anne Carbonate,1,216.2723588,151.4989578,151.4989578
Shifted,Protected,2014,Ste Anne Carbonate,1,432.8517279,118.0159072,118.0159072
Recovering,Protected,1994,Ste Anne Granite,1,263.9920287,61.88189986,61.88189986
Recovering,Protected,2005,Ste Anne Granite,1,1798.87038,477.9825824,477.9825824
Recovering,Protected,2008,Ste Anne Granite,1,874.484533,244.2957263,244.2957263
Recovering,Protected,2011,Ste Anne Granite,1,1255.832623,233.5800765,233.5800765
Recovering,Protected,2014,Ste Anne Granite,1,705.0011084,205.1974886,205.1974886
Recovering,Protected,2017,Ste Anne Granite,1,499.4937254,132.1342383,132.1342383
Recovering,Protected,1994,Ste Anne Patch,1,717.8363509,200.1162526,200.1162526
Recovering,Protected,2005,Ste Anne Patch,1,657.9123234,208.4117056,208.4117056
Recovering,Protected,2008,Ste Anne Patch,1,91.4103634,69.70139752,69.70139752
Recovering,Protected,2011,Ste Anne Patch,1,188.8970661,98.46863024,98.46863024
Recovering,Protected,2014,Ste Anne Patch,1,674.6612538,211.9606532,211.9606532
Recovering,Protected,2017,Ste Anne Patch,1,1158.621012,312.2898231,312.2898231
Shifted,Protected,1994,Cousin Carbonate,2,480.7992122,128.3843887,128.3843887
Shifted,Protected,2005,Cousin Carbonate,2,324.0902168,214.0582467,214.0582467
Shifted,Protected,2008,Cousin Carbonate,2,602.7923941,200.630469,200.630469
Shifted,Protected,2011,Cousin Carbonate,2,323.406575,69.29317211,69.29317211
Shifted,Protected,2014,Cousin Carbonate,2,434.250151,201.839333,201.839333
Shifted,Protected,1994,Cousin Granite,2,444.1034645,128.6295653,128.6295653
Shifted,Protected,2005,Cousin Granite,2,282.4490247,59.41677619,59.41677619
Shifted,Protected,2008,Cousin Granite,2,423.9502202,125.9378704,125.9378704
Shifted,Protected,2011,Cousin Granite,2,527.2846735,218.7099267,218.7099267
Shifted,Protected,2014,Cousin Granite,2,350.4459123,125.7921939,125.7921939
Shifted,Protected,1994,Cousin Patch,2,955.5657677,259.0951954,259.0951954
Shifted,Protected,2005,Cousin Patch,2,514.8142317,112.2661793,112.2661793
Shifted,Protected,2008,Cousin Patch,2,364.974797,127.705557,127.705557
Shifted,Protected,2011,Cousin Patch,2,1687.665922,671.9932228,671.9932228
Shifted,Protected,2014,Cousin Patch,2,1102.8771,438.2530906,438.2530906
Shifted,Fished,1994,Mahe E Carbonate,2,508.0099751,191.3817371,175.623772
Shifted,Fished,2005,Mahe E Carbonate,2,118.2883177,55.27652659,54.16122188
Shifted,Fished,2008,Mahe E Carbonate,2,515.1254724,229.3291021,220.3224402
Shifted,Fished,2011,Mahe E Carbonate,2,118.6562127,55.96902459,55.63297849
Shifted,Fished,2014,Mahe E Carbonate,2,500.8759283,130.6038784,124.1817984
Shifted,Fished,2017,Mahe E Carbonate,2,336.9628962,190.4110455,181.7899133
Shifted,Fished,1994,Mahe E Granite,2,249.3053722,111.5024365,102.3140103
Shifted,Fished,2005,Mahe E Granite,2,596.7006722,124.6734205,118.9812169
Shifted,Fished,2008,Mahe E Granite,2,368.9168316,103.8626568,99.08457694
Shifted,Fished,2011,Mahe E Granite,2,280.9860842,84.49903038,81.90801557
Shifted,Fished,2014,Mahe E Granite,2,368.7103913,130.6901284,127.2014777
Shifted,Fished,2017,Mahe E Granite,2,129.6419743,54.02134927,52.11466791
Recovering,Fished,1994,Mahe E Patch,2,368.2686839,114.2735314,111.3746527
Recovering,Fished,2005,Mahe E Patch,2,4.917930927,1.795768023,1.795768023
Recovering,Fished,2008,Mahe E Patch,2,202.0995717,58.67746648,57.23229575
Recovering,Fished,2011,Mahe E Patch,2,996.6980719,265.1693314,246.2000848
Recovering,Fished,2014,Mahe E Patch,2,441.3409248,141.2463878,131.6359826
Recovering,Fished,2017,Mahe E Patch,2,402.7137854,179.5585274,173.0383748
Recovering,Protected,1994,Mahe NW Carbonate,2,396.5519959,123.3242214,123.3242214
Recovering,Protected,2005,Mahe NW Carbonate,2,291.8769726,74.18010924,74.18010924
Recovering,Protected,2008,Mahe NW Carbonate,2,137.8651269,46.32695995,46.32695995
Recovering,Protected,2011,Mahe NW Carbonate,2,525.1725067,90.85506949,90.85506949
Recovering,Protected,2014,Mahe NW Carbonate,2,233.3626887,99.43288383,99.43288383
Recovering,Protected,2017,Mahe NW Carbonate,2,537.8835215,215.1444569,215.1444569
Recovering,Fished,1994,Mahe NW Granite,2,393.306883,128.6507192,124.3881586
Recovering,Fished,2005,Mahe NW Granite,2,766.1882198,156.4415861,145.4565723
Recovering,Fished,2008,Mahe NW Granite,2,552.9277498,108.7562477,104.0911645
Recovering,Fished,2011,Mahe NW Granite,2,1012.738795,296.9055366,269.1290773
Recovering,Fished,2014,Mahe NW Granite,2,312.9530264,85.54784747,81.23069239
Recovering,Fished,2017,Mahe NW Granite,2,471.6063987,164.9253763,157.6342075
Recovering,Fished,1994,Mahe NW Patch,2,203.1330366,87.83864019,86.92140358
Recovering,Fished,2005,Mahe NW Patch,2,60.33280298,31.7207464,31.38387925
Recovering,Fished,2008,Mahe NW Patch,2,367.744506,95.86187707,92.04240609
Recovering,Fished,2011,Mahe NW Patch,2,115.0270381,78.1271205,74.244509
Recovering,Fished,2014,Mahe NW Patch,2,275.2942916,164.9022801,164.7121242
Recovering,Fished,2017,Mahe NW Patch,2,495.7527179,138.8856547,130.5470939
Recovering,Fished,1994,Mahe W Carbonate,2,327.1011485,84.47313476,79.59273906
Recovering,Fished,2005,Mahe W Carbonate,2,196.9863614,25.92487693,25.41126162
Recovering,Fished,2008,Mahe W Carbonate,2,384.8410268,96.57183949,90.37222862
Recovering,Fished,2011,Mahe W Carbonate,2,1230.517926,395.8736085,372.0083274
Recovering,Fished,2014,Mahe W Carbonate,2,364.3559422,120.6278667,116.055285
Recovering,Fished,2017,Mahe W Carbonate,2,771.4838527,264.618796,253.8437032
Recovering,Fished,1994,Mahe W Granite,2,365.5729947,88.53931856,84.49468723
Recovering,Fished,2005,Mahe W Granite,2,276.142888,91.4878613,89.40839401
Recovering,Fished,2008,Mahe W Granite,2,372.6559112,123.4391275,112.3876568
Recovering,Fished,2011,Mahe W Granite,2,664.5735487,103.7001308,99.20811822
Recovering,Fished,2014,Mahe W Granite,2,385.3891918,86.97956203,83.86273607
Recovering,Fished,2017,Mahe W Granite,2,457.107646,131.1982014,127.5740854
Recovering,Fished,1994,Mahe W Patch,2,283.888588,65.74480608,61.93465958
Recovering,Fished,2005,Mahe W Patch,2,373.1899423,53.87251102,51.09600674
Recovering,Fished,2008,Mahe W Patch,2,55.64210644,27.77998766,27.66401273
Recovering,Fished,2011,Mahe W Patch,2,206.5475474,95.76220407,94.06826016
Recovering,Fished,2014,Mahe W Patch,2,202.3814185,66.61309765,66.06676059
Recovering,Fished,2017,Mahe W Patch,2,288.5901514,92.82697204,90.74757897
Shifted,Fished,1994,Praslin NE Carbonate,2,314.8703684,99.30935768,92.32352908
Shifted,Fished,2005,Praslin NE Carbonate,2,73.7688515,55.27400556,54.81398558
Shifted,Fished,2008,Praslin NE Carbonate,2,649.4714549,208.6747653,199.525693
Shifted,Fished,2011,Praslin NE Carbonate,2,176.100794,94.04320488,93.08792778
Shifted,Fished,2014,Praslin NE Carbonate,2,131.5155658,53.29958109,47.42497843
Shifted,Fished,2017,Praslin NE Carbonate,2,92.75171777,48.32852429,47.56746263
Recovering,Protected,1994,Praslin NE Granite,2,450.3979885,163.0279079,163.0279079
Recovering,Protected,2005,Praslin NE Granite,2,598.1103664,86.6263098,86.6263098
Recovering,Protected,2008,Praslin NE Granite,2,346.2523315,140.99125,140.99125
Recovering,Protected,2011,Praslin NE Granite,2,1031.364522,221.1810809,221.1810809
Recovering,Protected,2014,Praslin NE Granite,2,539.061856,138.4968171,138.4968171
Recovering,Protected,2017,Praslin NE Granite,2,619.1983103,162.3184668,162.3184668
Recovering,Protected,1994,Praslin NE Patch,2,261.9211946,59.55268758,59.55268758
Recovering,Protected,2005,Praslin NE Patch,2,1405.631378,310.5475664,310.5475664
Recovering,Protected,2008,Praslin NE Patch,2,264.9499069,54.49248037,54.49248037
Recovering,Protected,2011,Praslin NE Patch,2,185.6087643,55.84809045,55.84809045
Recovering,Protected,2014,Praslin NE Patch,2,155.6813097,29.939964,29.939964
Recovering,Protected,2017,Praslin NE Patch,2,454.0072568,100.319071,100.319071
Shifted,Fished,1994,Praslin SW Carbonate,2,218.9246348,91.19168083,89.74100518
Shifted,Fished,2005,Praslin SW Carbonate,2,374.1502579,227.3169795,218.2491336
Shifted,Fished,2008,Praslin SW Carbonate,2,62.7769136,52.94280095,52.94280095
Shifted,Fished,2011,Praslin SW Carbonate,2,23.49413306,17.34943577,17.34943577
Shifted,Fished,2014,Praslin SW Carbonate,2,798.3422583,315.0134581,296.6042321
Shifted,Fished,2017,Praslin SW Carbonate,2,253.275488,148.4970908,146.6275348
Recovering,Fished,1994,Praslin SW Granite,2,573.7331904,179.7317132,164.4707544
Recovering,Fished,2005,Praslin SW Granite,2,331.7992858,100.826544,96.21547338
Recovering,Fished,2008,Praslin SW Granite,2,844.2005398,216.2731465,201.9561786
Recovering,Fished,2011,Praslin SW Granite,2,802.1564082,281.9919524,255.5399312
Recovering,Fished,2014,Praslin SW Granite,2,812.5016505,365.8430812,336.9807906
Recovering,Fished,2017,Praslin SW Granite,2,531.8460224,160.6445101,153.9808056
Shifted,Fished,1994,Praslin SW Patch,2,323.776342,146.5301366,142.0479577
Shifted,Fished,2005,Praslin SW Patch,2,82.09596537,50.06179242,49.56824738
Shifted,Fished,2008,Praslin SW Patch,2,366.3607531,163.1276543,154.6197954
Shifted,Fished,2011,Praslin SW Patch,2,401.5267603,116.3958728,111.7752041
Shifted,Fished,2014,Praslin SW Patch,2,547.8087755,165.0003421,155.6008245
Shifted,Fished,2017,Praslin SW Patch,2,1406.081079,545.0100598,503.4775799
Shifted,Protected,1994,Ste Anne Carbonate,2,1087.620346,290.6773715,290.6773715
Shifted,Protected,2005,Ste Anne Carbonate,2,301.6092703,100.8766665,100.8766665
Shifted,Protected,2008,Ste Anne Carbonate,2,166.3579679,63.2263234,63.2263234
Shifted,Protected,2011,Ste Anne Carbonate,2,218.9552469,94.37307581,94.37307581
Shifted,Protected,2014,Ste Anne Carbonate,2,529.7942973,250.5376596,250.5376596
Recovering,Protected,1994,Ste Anne Granite,2,283.6978638,82.57758147,82.57758147
Recovering,Protected,2005,Ste Anne Granite,2,1322.04655,392.9139382,392.9139382
Recovering,Protected,2008,Ste Anne Granite,2,1102.546681,243.1647703,243.1647703
Recovering,Protected,2011,Ste Anne Granite,2,797.3163271,214.2211159,214.2211159
Recovering,Protected,2014,Ste Anne Granite,2,980.7414109,263.5234045,263.5234045
Recovering,Protected,2017,Ste Anne Granite,2,649.2948447,202.5027195,202.5027195
Recovering,Protected,1994,Ste Anne Patch,2,535.5138995,131.6129988,131.6129988
Recovering,Protected,2005,Ste Anne Patch,2,158.9600943,50.807618,50.807618
Recovering,Protected,2008,Ste Anne Patch,2,353.7938834,192.5830721,192.5830721
Recovering,Protected,2011,Ste Anne Patch,2,652.7984525,123.2901107,123.2901107
Recovering,Protected,2014,Ste Anne Patch,2,904.8775732,275.1622972,275.1622972
Recovering,Protected,2017,Ste Anne Patch,2,450.1258927,155.0358711,155.0358711
Shifted,Protected,1994,Cousin Carbonate,3,833.2604793,245.2788979,245.2788979
Shifted,Protected,2005,Cousin Carbonate,3,1661.717941,177.2387449,177.2387449
Shifted,Protected,2008,Cousin Carbonate,3,426.8419942,104.7992884,104.7992884
Shifted,Protected,2011,Cousin Carbonate,3,599.6486151,182.4939642,182.4939642
Shifted,Protected,2014,Cousin Carbonate,3,810.2674288,313.1601342,313.1601342
Shifted,Protected,1994,Cousin Granite,3,732.3119746,173.1376496,173.1376496
Shifted,Protected,2005,Cousin Granite,3,255.8774044,87.27759524,87.27759524
Shifted,Protected,2008,Cousin Granite,3,790.7287462,196.3086192,196.3086192
Shifted,Protected,2011,Cousin Granite,3,727.8501458,122.9548998,122.9548998
Shifted,Protected,2014,Cousin Granite,3,235.965058,86.37976017,86.37976017
Shifted,Protected,1994,Cousin Patch,3,1341.148754,202.5921267,202.5921267
Shifted,Protected,2005,Cousin Patch,3,30.41187145,14.57218007,14.57218007
Shifted,Protected,2008,Cousin Patch,3,965.4118921,196.1771687,196.1771687
Shifted,Protected,2011,Cousin Patch,3,1262.240542,650.3655024,650.3655024
Shifted,Protected,2014,Cousin Patch,3,2270.638442,909.7053719,909.7053719
Shifted,Fished,1994,Mahe E Carbonate,3,364.6941355,108.9063365,103.5669107
Shifted,Fished,2005,Mahe E Carbonate,3,120.651442,50.6925211,48.19742958
Shifted,Fished,2008,Mahe E Carbonate,3,232.911516,102.8694701,100.9018897
Shifted,Fished,2011,Mahe E Carbonate,3,184.3330446,76.89400883,75.54303752
Shifted,Fished,2014,Mahe E Carbonate,3,111.394643,71.56342909,71.1725511
Shifted,Fished,2017,Mahe E Carbonate,3,427.7177383,183.3477516,173.9246017
Shifted,Fished,1994,Mahe E Granite,3,563.1201638,134.7191621,129.8038579
Shifted,Fished,2005,Mahe E Granite,3,194.9257855,53.95067131,52.53541203
Shifted,Fished,2008,Mahe E Granite,3,346.4786239,135.6718857,132.4425671
Shifted,Fished,2011,Mahe E Granite,3,153.5103655,68.39731923,67.22559187
Shifted,Fished,2014,Mahe E Granite,3,217.2795759,81.19974974,79.78001546
Shifted,Fished,2017,Mahe E Granite,3,528.9617898,183.5565032,176.7620281
Recovering,Fished,1994,Mahe E Patch,3,353.5659129,150.4996414,148.7149067
Recovering,Fished,2005,Mahe E Patch,3,67.40040909,56.91881538,56.91881538
Recovering,Fished,2008,Mahe E Patch,3,528.3869247,189.8387505,180.1117146
Recovering,Fished,2011,Mahe E Patch,3,613.9038681,201.475349,190.1043704
Recovering,Fished,2014,Mahe E Patch,3,1155.320263,200.9624435,191.1451258
Recovering,Fished,2017,Mahe E Patch,3,259.9575388,109.6644622,105.0995782
Recovering,Protected,1994,Mahe NW Carbonate,3,454.2914939,148.6924431,148.6924431
Recovering,Protected,2005,Mahe NW Carbonate,3,416.5838619,138.8064559,138.8064559
Recovering,Protected,2008,Mahe NW Carbonate,3,205.9478902,65.56855235,65.56855235
Recovering,Protected,2011,Mahe NW Carbonate,3,1033.268431,204.8229345,204.8229345
Recovering,Protected,2014,Mahe NW Carbonate,3,636.708951,169.0005839,169.0005839
Recovering,Protected,2017,Mahe NW Carbonate,3,804.1289759,294.4200168,294.4200168
Recovering,Fished,1994,Mahe NW Granite,3,386.3588418,90.24313441,88.52546661
Recovering,Fished,2005,Mahe NW Granite,3,87.45106943,37.31976427,36.53058424
Recovering,Fished,2008,Mahe NW Granite,3,870.6368861,207.6645547,193.8778252
Recovering,Fished,2011,Mahe NW Granite,3,215.3213152,109.1928849,108.4023408
Recovering,Fished,2014,Mahe NW Granite,3,951.4876071,257.3461853,244.9242252
Recovering,Fished,2017,Mahe NW Granite,3,792.4108351,310.1577105,291.1189753
Recovering,Fished,1994,Mahe NW Patch,3,176.6413703,59.70710551,58.95852918
Recovering,Fished,2005,Mahe NW Patch,3,92.16473849,18.83963768,18.40206556
Recovering,Fished,2008,Mahe NW Patch,3,58.55422788,28.19389814,27.63874103
Recovering,Fished,2011,Mahe NW Patch,3,152.4549786,47.40271686,45.34345236
Recovering,Fished,2014,Mahe NW Patch,3,239.9335842,89.34160234,87.19007377
Recovering,Fished,2017,Mahe NW Patch,3,882.4063308,256.8328887,243.6497328
Recovering,Fished,1994,Mahe W Carbonate,3,308.2781591,65.47665711,63.18785937
Recovering,Fished,2005,Mahe W Carbonate,3,252.6570645,60.68627796,59.91842425
Recovering,Fished,2008,Mahe W Carbonate,3,576.2432748,91.43535113,85.69143401
Recovering,Fished,2011,Mahe W Carbonate,3,970.9337023,209.8672106,197.4704278
Recovering,Fished,2014,Mahe W Carbonate,3,3517.655956,700.7491642,623.6919771
Recovering,Fished,2017,Mahe W Carbonate,3,563.8522788,196.4502992,190.1681436
Recovering,Fished,1994,Mahe W Granite,3,338.6739942,89.18872656,84.46144461
Recovering,Fished,2005,Mahe W Granite,3,254.789755,65.54592553,63.54906182
Recovering,Fished,2008,Mahe W Granite,3,343.2666956,76.61356903,74.46796632
Recovering,Fished,2011,Mahe W Granite,3,459.9431508,158.1745539,154.4712749
Recovering,Fished,2014,Mahe W Granite,3,510.5462645,181.7240672,174.3797661
Recovering,Fished,2017,Mahe W Granite,3,392.9616449,123.6936187,117.2408196
Recovering,Fished,1994,Mahe W Patch,3,229.1030707,79.54494686,78.10416867
Recovering,Fished,2005,Mahe W Patch,3,128.5661182,67.3247552,66.41984312
Recovering,Fished,2008,Mahe W Patch,3,386.6018142,177.5098912,173.4402614
Recovering,Fished,2011,Mahe W Patch,3,88.88370406,59.89172503,59.75928275
Recovering,Fished,2014,Mahe W Patch,3,381.2856524,147.1541283,144.0756521
Recovering,Fished,2017,Mahe W Patch,3,703.431728,253.8470498,242.1395275
Shifted,Fished,1994,Praslin NE Carbonate,3,470.8021734,183.3512212,172.1382389
Shifted,Fished,2005,Praslin NE Carbonate,3,367.9012399,151.3383278,141.4058816
Shifted,Fished,2008,Praslin NE Carbonate,3,78.99665606,46.52951348,46.37600857
Shifted,Fished,2011,Praslin NE Carbonate,3,16.31900909,17.10820112,17.10820112
Shifted,Fished,2014,Praslin NE Carbonate,3,34.89864474,27.77999146,27.77999146
Shifted,Fished,2017,Praslin NE Carbonate,3,209.8317008,92.54258132,89.57068784
Recovering,Protected,1994,Praslin NE Granite,3,512.9992467,122.1741634,122.1741634
Recovering,Protected,2005,Praslin NE Granite,3,546.7320846,112.4744634,112.4744634
Recovering,Protected,2008,Praslin NE Granite,3,302.099862,156.3322034,156.3322034
Recovering,Protected,2011,Praslin NE Granite,3,421.5831648,169.9225503,169.9225503
Recovering,Protected,2014,Praslin NE Granite,3,644.7418427,146.7302013,146.7302013
Recovering,Protected,2017,Praslin NE Granite,3,543.2999088,196.8719474,196.8719474
Recovering,Protected,1994,Praslin NE Patch,3,278.6947972,63.60632693,63.60632693
Recovering,Protected,2005,Praslin NE Patch,3,300.1885794,79.6289593,79.6289593
Recovering,Protected,2008,Praslin NE Patch,3,193.4871565,31.39204994,31.39204994
Recovering,Protected,2011,Praslin NE Patch,3,164.2625352,78.41841959,78.41841959
Recovering,Protected,2014,Praslin NE Patch,3,179.1205561,53.73935059,53.73935059
Recovering,Protected,2017,Praslin NE Patch,3,130.6976676,54.37334333,54.37334333
Shifted,Fished,1994,Praslin SW Carbonate,3,383.6490491,139.5436876,137.6662045
Shifted,Fished,2005,Praslin SW Carbonate,3,83.64743031,64.46288119,64.46288119
Shifted,Fished,2008,Praslin SW Carbonate,3,138.9296024,80.88039176,79.79760121
Shifted,Fished,2011,Praslin SW Carbonate,3,72.39960227,51.8990079,48.15091072
Shifted,Fished,2014,Praslin SW Carbonate,3,688.6517034,260.2737798,248.5858814
Shifted,Fished,2017,Praslin SW Carbonate,3,302.1924137,144.5595047,136.6766751
Recovering,Fished,1994,Praslin SW Granite,3,201.0472773,80.16210547,76.45408615
Recovering,Fished,2005,Praslin SW Granite,3,691.1617977,144.7917058,136.0037497
Recovering,Fished,2008,Praslin SW Granite,3,501.0143404,135.3842798,130.1760697
Recovering,Fished,2011,Praslin SW Granite,3,300.177747,134.1509855,130.9576769
Recovering,Fished,2014,Praslin SW Granite,3,1433.207976,448.8885741,397.5755215
Recovering,Fished,2017,Praslin SW Granite,3,597.9365075,169.758936,158.9766127
Shifted,Fished,1994,Praslin SW Patch,3,332.9040498,110.9823851,105.859717
Shifted,Fished,2005,Praslin SW Patch,3,316.4802363,86.50503341,83.93160538
Shifted,Fished,2008,Praslin SW Patch,3,617.3869447,193.7412603,180.0138891
Shifted,Fished,2011,Praslin SW Patch,3,775.008842,198.4103736,188.7338123
Shifted,Fished,2014,Praslin SW Patch,3,624.8541736,111.8538958,104.7398368
Shifted,Fished,2017,Praslin SW Patch,3,284.0076149,85.91827031,82.52726792
Shifted,Protected,1994,Ste Anne Carbonate,3,1124.406754,330.3565715,330.3565715
Shifted,Protected,2005,Ste Anne Carbonate,3,531.2158583,141.3027779,141.3027779
Shifted,Protected,2008,Ste Anne Carbonate,3,15.91247006,13.09050481,13.09050481
Shifted,Protected,2011,Ste Anne Carbonate,3,224.2868998,130.2519548,130.2519548
Shifted,Protected,2014,Ste Anne Carbonate,3,425.6975435,178.0401348,178.0401348
Recovering,Protected,1994,Ste Anne Granite,3,728.8523414,195.4608267,195.4608267
Recovering,Protected,2005,Ste Anne Granite,3,1303.756371,303.7745499,303.7745499
Recovering,Protected,2008,Ste Anne Granite,3,727.7876796,196.2515292,196.2515292
Recovering,Protected,2011,Ste Anne Granite,3,824.076936,165.1422624,165.1422624
Recovering,Protected,2014,Ste Anne Granite,3,518.7206713,85.54243933,85.54243933
Recovering,Protected,2017,Ste Anne Granite,3,867.255788,250.4662875,250.4662875
Recovering,Protected,1994,Ste Anne Patch,3,1243.328435,353.1433388,353.1433388
Recovering,Protected,2005,Ste Anne Patch,3,196.0304691,47.19329623,47.19329623
Recovering,Protected,2008,Ste Anne Patch,3,67.28141039,44.15364114,44.15364114
Recovering,Protected,2011,Ste Anne Patch,3,792.1745715,150.5510246,150.5510246
Recovering,Protected,2014,Ste Anne Patch,3,1293.651146,353.5362008,353.5362008
Recovering,Protected,2017,Ste Anne Patch,3,628.324399,218.0436365,218.0436365
Shifted,Protected,1994,Cousin Carbonate,4,516.8604817,145.414437,145.414437
Shifted,Protected,2005,Cousin Carbonate,4,93.41080409,45.98150245,45.98150245
Shifted,Protected,2008,Cousin Carbonate,4,646.3146092,180.8249737,180.8249737
Shifted,Protected,2011,Cousin Carbonate,4,856.5459108,258.7106152,258.7106152
Shifted,Protected,2014,Cousin Carbonate,4,562.9014317,177.7308003,177.7308003
Shifted,Protected,1994,Cousin Granite,4,555.1911836,146.2494533,146.2494533
Shifted,Protected,2005,Cousin Granite,4,339.2109485,114.4394662,114.4394662
Shifted,Protected,2008,Cousin Granite,4,665.0486155,89.42129691,89.42129691
Shifted,Protected,2011,Cousin Granite,4,538.348609,139.0644656,139.0644656
Shifted,Protected,2014,Cousin Granite,4,1118.759194,326.273058,326.273058
Shifted,Protected,1994,Cousin Patch,4,860.0146332,182.2549779,182.2549779
Shifted,Protected,2005,Cousin Patch,4,81.28738273,38.19978257,38.19978257
Shifted,Protected,2008,Cousin Patch,4,798.2421718,187.0195237,187.0195237
Shifted,Protected,2011,Cousin Patch,4,842.1991578,241.6502545,241.6502545
Shifted,Protected,2014,Cousin Patch,4,284.2822961,75.84907636,75.84907636
Shifted,Fished,1994,Mahe E Carbonate,4,220.4714281,78.99570712,78.06947364
Shifted,Fished,2005,Mahe E Carbonate,4,702.6460113,191.1812009,186.9393433
Shifted,Fished,2008,Mahe E Carbonate,4,912.9508197,216.9456122,207.7129998
Shifted,Fished,2011,Mahe E Carbonate,4,194.0118252,59.04449004,57.81071408
Shifted,Fished,2014,Mahe E Carbonate,4,351.9318965,163.9168141,160.5434097
Shifted,Fished,2017,Mahe E Carbonate,4,204.063469,82.14158446,79.52557997
Shifted,Fished,1994,Mahe E Granite,4,166.2839156,52.41670592,52.00591352
Shifted,Fished,2005,Mahe E Granite,4,116.8509121,43.46782896,42.12419215
Shifted,Fished,2008,Mahe E Granite,4,509.0126193,122.2270327,119.2583261
Shifted,Fished,2011,Mahe E Granite,4,450.4910489,166.1489088,157.7404561
Shifted,Fished,2014,Mahe E Granite,4,331.1906294,107.045112,105.1248232
Shifted,Fished,2017,Mahe E Granite,4,371.5842153,97.30050794,89.55806924
Recovering,Fished,1994,Mahe E Patch,4,216.4586679,114.1403297,112.5532015
Recovering,Fished,2005,Mahe E Patch,4,243.061371,66.4266462,64.46385294
Recovering,Fished,2008,Mahe E Patch,4,348.8076526,193.4169889,191.4151802
Recovering,Fished,2011,Mahe E Patch,4,337.7418638,217.6700996,210.5741139
Recovering,Fished,2014,Mahe E Patch,4,237.3461423,100.673145,99.16273253
Recovering,Fished,2017,Mahe E Patch,4,993.7143319,419.9601655,395.3853076
Recovering,Protected,1994,Mahe NW Carbonate,4,262.4171081,109.2887689,109.2887689
Recovering,Protected,2005,Mahe NW Carbonate,4,665.6869957,130.26043,130.26043
Recovering,Protected,2008,Mahe NW Carbonate,4,157.0614481,46.50215109,46.50215109
Recovering,Protected,2011,Mahe NW Carbonate,4,1090.30656,123.4866594,123.4866594
Recovering,Protected,2014,Mahe NW Carbonate,4,761.5721907,181.8955752,181.8955752
Recovering,Protected,2017,Mahe NW Carbonate,4,520.0663022,248.6153016,248.6153016
Recovering,Fished,1994,Mahe NW Granite,4,727.8531275,201.9974911,198.9773226
Recovering,Fished,2005,Mahe NW Granite,4,730.6223013,209.5300002,193.0481555
Recovering,Fished,2008,Mahe NW Granite,4,932.737998,190.3590836,183.9746988
Recovering,Fished,2011,Mahe NW Granite,4,572.1368485,135.8618521,129.6144094
Recovering,Fished,2014,Mahe NW Granite,4,353.1346759,124.6131938,119.4729971
Recovering,Fished,2017,Mahe NW Granite,4,622.5909082,192.3333929,182.5731981
Recovering,Fished,1994,Mahe NW Patch,4,119.919634,55.02389403,53.7748264
Recovering,Fished,2005,Mahe NW Patch,4,185.3713601,53.43437065,52.08993257
Recovering,Fished,2008,Mahe NW Patch,4,72.06500924,32.90958097,32.90958097
Recovering,Fished,2011,Mahe NW Patch,4,321.1049187,75.93875514,74.74211159
Recovering,Fished,2014,Mahe NW Patch,4,149.3722946,68.51687331,67.12102659
Recovering,Fished,2017,Mahe NW Patch,4,571.1241605,173.5003215,167.5007052
Recovering,Fished,1994,Mahe W Carbonate,4,197.6988387,58.03641627,55.83578425
Recovering,Fished,2005,Mahe W Carbonate,4,170.5822654,22.50658029,21.69625821
Recovering,Fished,2008,Mahe W Carbonate,4,698.5095655,154.6506346,146.7984244
Recovering,Fished,2011,Mahe W Carbonate,4,1219.988463,359.9763858,341.3639788
Recovering,Fished,2014,Mahe W Carbonate,4,190.5329741,101.8315955,100.8657011
Recovering,Fished,2017,Mahe W Carbonate,4,848.1765358,326.5834198,319.1852608
Recovering,Fished,1994,Mahe W Granite,4,341.0047166,91.5839001,86.96821446
Recovering,Fished,2005,Mahe W Granite,4,80.57086023,47.65517486,47.65517486
Recovering,Fished,2008,Mahe W Granite,4,483.4413724,87.06253978,82.15625898
Recovering,Fished,2011,Mahe W Granite,4,233.6647007,81.862899,75.55998322
Recovering,Fished,2014,Mahe W Granite,4,585.2565226,107.2966971,101.3358958
Recovering,Fished,2017,Mahe W Granite,4,383.2110373,162.2881391,157.4250118
Recovering,Fished,1994,Mahe W Patch,4,246.4256746,90.95207281,86.97513899
Recovering,Fished,2005,Mahe W Patch,4,61.40721395,50.20769292,48.72156424
Recovering,Fished,2008,Mahe W Patch,4,274.7340621,96.84642938,95.03101988
Recovering,Fished,2011,Mahe W Patch,4,135.3668657,82.68165481,81.99562456
Recovering,Fished,2014,Mahe W Patch,4,411.2205667,163.1960712,160.5861279
Recovering,Fished,2017,Mahe W Patch,4,588.9399533,175.2510016,170.9171811
Shifted,Fished,1994,Praslin NE Carbonate,4,346.1174655,87.48950781,81.79846894
Shifted,Fished,2005,Praslin NE Carbonate,4,195.406547,58.39755093,56.22528568
Shifted,Fished,2008,Praslin NE Carbonate,4,73.26639808,33.00994386,31.52147569
Shifted,Fished,2011,Praslin NE Carbonate,4,42.7663205,32.32612722,32.32612722
Shifted,Fished,2014,Praslin NE Carbonate,4,8.155584523,9.518716106,9.518716106
Shifted,Fished,2017,Praslin NE Carbonate,4,186.4422643,62.80155465,60.55175561
Recovering,Protected,1994,Praslin NE Granite,4,246.8370137,85.42478303,85.42478303
Recovering,Protected,2005,Praslin NE Granite,4,611.8432358,163.8600524,163.8600524
Recovering,Protected,2008,Praslin NE Granite,4,648.6272647,195.2028067,195.2028067
Recovering,Protected,2011,Praslin NE Granite,4,757.6410551,321.5627465,321.5627465
Recovering,Protected,2014,Praslin NE Granite,4,663.6306476,192.320509,192.320509
Recovering,Protected,2017,Praslin NE Granite,4,542.7230502,167.5380427,167.5380427
Recovering,Protected,1994,Praslin NE Patch,4,270.6236788,95.30059412,95.30059412
Recovering,Protected,2005,Praslin NE Patch,4,331.7476977,97.06859597,97.06859597
Recovering,Protected,2008,Praslin NE Patch,4,331.5020529,108.8300593,108.8300593
Recovering,Protected,2011,Praslin NE Patch,4,219.8994878,61.85368241,61.85368241
Recovering,Protected,2014,Praslin NE Patch,4,205.0010284,92.51704272,92.51704272
Recovering,Protected,2017,Praslin NE Patch,4,54.93566407,24.23474225,24.23474225
Shifted,Fished,1994,Praslin SW Carbonate,4,340.9380319,202.7993757,201.6927604
Shifted,Fished,2005,Praslin SW Carbonate,4,165.0004784,105.1542237,103.7165515
Shifted,Fished,2008,Praslin SW Carbonate,4,152.0737553,114.5726344,114.1903607
Shifted,Fished,2011,Praslin SW Carbonate,4,218.2108512,82.4588382,76.38590767
Shifted,Fished,2014,Praslin SW Carbonate,4,141.4926912,50.67806961,49.27603342
Shifted,Fished,2017,Praslin SW Carbonate,4,246.3029794,96.27246429,88.57633224
Recovering,Fished,1994,Praslin SW Granite,4,246.149626,44.06600194,42.7410901
Recovering,Fished,2005,Praslin SW Granite,4,209.5882901,87.21406803,84.10842444
Recovering,Fished,2008,Praslin SW Granite,4,894.4894505,227.5450628,209.7900341
Recovering,Fished,2011,Praslin SW Granite,4,982.1392275,275.4165012,257.4298959
Recovering,Fished,2014,Praslin SW Granite,4,440.4219814,171.6167064,167.3114231
Recovering,Fished,2017,Praslin SW Granite,4,2118.048698,934.9485043,870.6314818
Shifted,Fished,1994,Praslin SW Patch,4,110.8585186,51.79124112,49.95923355
Shifted,Fished,2005,Praslin SW Patch,4,295.5457544,81.02696637,78.474984
Shifted,Fished,2008,Praslin SW Patch,4,176.0265712,89.06499655,88.04262051
Shifted,Fished,2011,Praslin SW Patch,4,1249.204222,467.5394421,445.2894061
Shifted,Fished,2014,Praslin SW Patch,4,870.2731186,259.1548709,246.5118989
Shifted,Fished,2017,Praslin SW Patch,4,439.5032483,127.6091768,120.1915113
Shifted,Protected,1994,Ste Anne Carbonate,4,490.265503,118.8640774,118.8640774
Shifted,Protected,2005,Ste Anne Carbonate,4,675.5609628,161.1878504,161.1878504
Shifted,Protected,2008,Ste Anne Carbonate,4,284.9924127,167.3434734,167.3434734
Shifted,Protected,2011,Ste Anne Carbonate,4,175.2170142,102.1186162,102.1186162
Shifted,Protected,2014,Ste Anne Carbonate,4,537.5138075,241.0108275,241.0108275
Recovering,Protected,1994,Ste Anne Granite,4,431.4768299,71.72854105,71.72854105
Recovering,Protected,2005,Ste Anne Granite,4,564.554121,195.3051159,195.3051159
Recovering,Protected,2008,Ste Anne Granite,4,550.3196546,179.6446458,179.6446458
Recovering,Protected,2011,Ste Anne Granite,4,1729.920626,514.2053731,514.2053731
Recovering,Protected,2014,Ste Anne Granite,4,840.8331922,161.0110744,161.0110744
Recovering,Protected,2017,Ste Anne Granite,4,1478.924907,404.2456784,404.2456784
Recovering,Protected,1994,Ste Anne Patch,4,381.3388168,93.69133567,93.69133567
Recovering,Protected,2005,Ste Anne Patch,4,15.56795526,21.3903914,21.3903914
Recovering,Protected,2008,Ste Anne Patch,4,14.01003517,20.3033189,20.3033189
Recovering,Protected,2011,Ste Anne Patch,4,457.9600197,160.6316184,160.6316184
Recovering,Protected,2014,Ste Anne Patch,4,505.8676231,167.4151866,167.4151866
Recovering,Protected,2017,Ste Anne Patch,4,377.3203571,126.8318447,126.8318447
Shifted,Protected,1994,Cousin Carbonate,5,474.6430309,114.7605941,114.7605941
Shifted,Protected,2005,Cousin Carbonate,5,1197.333407,240.811717,240.811717
Shifted,Protected,2008,Cousin Carbonate,5,713.4539524,137.3275774,137.3275774
Shifted,Protected,2011,Cousin Carbonate,5,282.5469279,101.0147984,101.0147984
Shifted,Protected,2014,Cousin Carbonate,5,800.2791816,367.8641453,367.8641453
Shifted,Protected,1994,Cousin Granite,5,951.6913525,287.4027382,287.4027382
Shifted,Protected,2005,Cousin Granite,5,340.8478331,81.05190931,81.05190931
Shifted,Protected,2008,Cousin Granite,5,334.4795701,111.9363836,111.9363836
Shifted,Protected,2011,Cousin Granite,5,977.7951964,343.8272704,343.8272704
Shifted,Protected,2014,Cousin Granite,5,597.1436708,247.6559677,247.6559677
Shifted,Protected,1994,Cousin Patch,5,491.6945235,141.2577994,141.2577994
Shifted,Protected,2005,Cousin Patch,5,72.70114025,38.96139964,38.96139964
Shifted,Protected,2008,Cousin Patch,5,199.4959221,85.89024707,85.89024707
Shifted,Protected,2011,Cousin Patch,5,1270.263252,392.318859,392.318859
Shifted,Protected,2014,Cousin Patch,5,640.0193532,129.0137549,129.0137549
Shifted,Fished,1994,Mahe E Carbonate,5,403.0734971,104.556635,98.52821027
Shifted,Fished,2005,Mahe E Carbonate,5,581.0303998,98.60340401,94.34575321
Shifted,Fished,2008,Mahe E Carbonate,5,852.3976103,259.3253231,247.4846448
Shifted,Fished,2011,Mahe E Carbonate,5,460.9676605,158.4149055,146.2285144
Shifted,Fished,2014,Mahe E Carbonate,5,164.8967282,50.80557817,50.02022135
Shifted,Fished,2017,Mahe E Carbonate,5,919.0167881,270.280155,252.7718898
Shifted,Fished,1994,Mahe E Granite,5,262.0900524,96.65779138,93.75468944
Shifted,Fished,2005,Mahe E Granite,5,202.6775138,75.59849101,74.39131755
Shifted,Fished,2008,Mahe E Granite,5,215.9115884,80.66858021,77.64529337
Shifted,Fished,2011,Mahe E Granite,5,837.2370282,301.7771404,287.4777742
Shifted,Fished,2014,Mahe E Granite,5,86.99286,33.62147134,32.59089012
Shifted,Fished,2017,Mahe E Granite,5,262.747505,42.84561607,39.7503821
Recovering,Fished,1994,Mahe E Patch,5,195.8972232,96.90978578,96.67642451
Recovering,Fished,2005,Mahe E Patch,5,217.301212,87.54733378,84.59836736
Recovering,Fished,2008,Mahe E Patch,5,422.6133381,155.8488502,147.3938721
Recovering,Fished,2011,Mahe E Patch,5,1124.283554,372.2908722,346.602478
Recovering,Fished,2014,Mahe E Patch,5,563.0368276,146.8898505,137.906098
Recovering,Fished,2017,Mahe E Patch,5,138.7753988,104.8946126,101.9733251
Recovering,Protected,1994,Mahe NW Carbonate,5,289.0044168,123.427446,123.427446
Recovering,Protected,2005,Mahe NW Carbonate,5,257.4655106,78.29659968,78.29659968
Recovering,Protected,2008,Mahe NW Carbonate,5,216.564703,80.82574016,80.82574016
Recovering,Protected,2011,Mahe NW Carbonate,5,265.018933,144.2522954,144.2522954
Recovering,Protected,2014,Mahe NW Carbonate,5,587.4565969,138.4109919,138.4109919
Recovering,Protected,2017,Mahe NW Carbonate,5,815.2428705,310.6285262,310.6285262
Recovering,Fished,1994,Mahe NW Granite,5,236.0561198,151.3571675,149.4815513
Recovering,Fished,2005,Mahe NW Granite,5,132.5074149,62.04810559,62.04810559
Recovering,Fished,2008,Mahe NW Granite,5,586.2877804,191.9450284,185.6797275
Recovering,Fished,2011,Mahe NW Granite,5,750.8803259,175.2715994,166.71275
Recovering,Fished,2014,Mahe NW Granite,5,438.7628612,163.7289789,152.6113813
Recovering,Fished,2017,Mahe NW Granite,5,770.1031675,217.2983951,204.0274917
Recovering,Fished,1994,Mahe NW Patch,5,130.0440142,49.62371538,49.31698173
Recovering,Fished,2005,Mahe NW Patch,5,156.8128543,30.98336805,28.95830139
Recovering,Fished,2008,Mahe NW Patch,5,243.5542629,60.54817125,58.87175971
Recovering,Fished,2011,Mahe NW Patch,5,334.0092839,149.3390417,145.8276829
Recovering,Fished,2014,Mahe NW Patch,5,343.1030216,128.888378,121.2903374
Recovering,Fished,2017,Mahe NW Patch,5,303.0347336,120.2394569,116.9076258
Recovering,Fished,1994,Mahe W Carbonate,5,428.4910316,94.71097909,91.46415832
Recovering,Fished,2005,Mahe W Carbonate,5,434.3072005,79.61680672,75.01874506
Recovering,Fished,2008,Mahe W Carbonate,5,630.7016544,158.5437988,150.2633679
Recovering,Fished,2011,Mahe W Carbonate,5,1333.168238,320.5837086,300.6634202
Recovering,Fished,2014,Mahe W Carbonate,5,348.7448734,175.9327749,173.6189219
Recovering,Fished,2017,Mahe W Carbonate,5,451.3673651,228.2466843,222.8341148
Recovering,Fished,1994,Mahe W Granite,5,230.2634213,68.52299298,64.91083428
Recovering,Fished,2005,Mahe W Granite,5,187.8370431,51.88933917,48.72725669
Recovering,Fished,2008,Mahe W Granite,5,283.3553106,68.23901974,66.7448847
Recovering,Fished,2011,Mahe W Granite,5,458.7915937,130.5947638,123.3978156
Recovering,Fished,2014,Mahe W Granite,5,342.5867121,75.27874162,73.78969686
Recovering,Fished,2017,Mahe W Granite,5,656.8816119,192.0938015,185.0482254
Recovering,Fished,1994,Mahe W Patch,5,650.5714134,177.4337155,167.5845937
Recovering,Fished,2005,Mahe W Patch,5,17.99285251,9.772491511,9.772491511
Recovering,Fished,2008,Mahe W Patch,5,261.8354991,57.46911334,56.26757366
Recovering,Fished,2011,Mahe W Patch,5,536.2951402,216.0497339,215.0455796
Recovering,Fished,2014,Mahe W Patch,5,374.2303576,133.1144478,130.313691
Recovering,Fished,2017,Mahe W Patch,5,610.2301845,209.5926246,203.2400437
Shifted,Fished,1994,Praslin NE Carbonate,5,351.4162627,138.2236215,134.2120767
Shifted,Fished,2005,Praslin NE Carbonate,5,372.3585868,128.2105566,117.7065182
Shifted,Fished,2008,Praslin NE Carbonate,5,58.4921192,48.84883081,48.52413767
Shifted,Fished,2011,Praslin NE Carbonate,5,107.1388833,56.19473815,54.5587198
Shifted,Fished,2014,Praslin NE Carbonate,5,57.01208483,54.52455484,54.52455484
Shifted,Fished,2017,Praslin NE Carbonate,5,75.53319705,41.02624619,40.12826655
Recovering,Protected,1994,Praslin NE Granite,5,540.442696,109.1199333,109.1199333
Recovering,Protected,2005,Praslin NE Granite,5,329.2709239,103.5598164,103.5598164
Recovering,Protected,2008,Praslin NE Granite,5,436.5850461,184.4282194,184.4282194
Recovering,Protected,2011,Praslin NE Granite,5,1055.95181,283.8182709,283.8182709
Recovering,Protected,2014,Praslin NE Granite,5,531.4254724,138.634025,138.634025
Recovering,Protected,2017,Praslin NE Granite,5,647.3751895,234.8559153,234.8559153
Recovering,Protected,1994,Praslin NE Patch,5,125.9752867,50.03003545,50.03003545
Recovering,Protected,2005,Praslin NE Patch,5,607.2303881,80.93258947,80.93258947
Recovering,Protected,2008,Praslin NE Patch,5,515.2739148,131.6363358,131.6363358
Recovering,Protected,2011,Praslin NE Patch,5,435.6052545,136.8554622,136.8554622
Recovering,Protected,2014,Praslin NE Patch,5,331.9176055,83.77043475,83.77043475
Recovering,Protected,2017,Praslin NE Patch,5,55.08450237,28.90698164,28.90698164
Shifted,Fished,1994,Praslin SW Carbonate,5,298.5622866,75.06028915,73.45422438
Shifted,Fished,2005,Praslin SW Carbonate,5,40.78622274,34.52191746,34.52191746
Shifted,Fished,2008,Praslin SW Carbonate,5,214.0964109,138.2200315,132.6482251
Shifted,Fished,2011,Praslin SW Carbonate,5,283.1042201,173.3141771,168.9005907
Shifted,Fished,2014,Praslin SW Carbonate,5,386.6935036,68.273481,62.70204267
Shifted,Fished,2017,Praslin SW Carbonate,5,368.881124,218.2515883,208.6362899
Recovering,Fished,1994,Praslin SW Granite,5,856.5223203,232.8897875,204.1203299
Recovering,Fished,2005,Praslin SW Granite,5,449.3188139,88.92109551,84.25519405
Recovering,Fished,2008,Praslin SW Granite,5,985.6124854,190.9932348,171.0618107
Recovering,Fished,2011,Praslin SW Granite,5,575.0741571,140.8636285,134.5123756
Recovering,Fished,2014,Praslin SW Granite,5,691.5740383,191.7043877,181.6673187
Recovering,Fished,2017,Praslin SW Granite,5,797.2815675,353.6046021,337.8831091
Shifted,Fished,1994,Praslin SW Patch,5,259.0105632,89.74198198,86.26422505
Shifted,Fished,2005,Praslin SW Patch,5,162.9814595,80.23541619,78.88385461
Shifted,Fished,2008,Praslin SW Patch,5,199.8744958,117.3792723,115.0156842
Shifted,Fished,2011,Praslin SW Patch,5,600.491326,213.6140951,205.8374191
Shifted,Fished,2014,Praslin SW Patch,5,401.30876,101.1299602,98.15129079
Shifted,Fished,2017,Praslin SW Patch,5,553.4919337,130.8476816,122.4995326
Shifted,Protected,1994,Ste Anne Carbonate,5,583.6269123,126.0166074,126.0166074
Shifted,Protected,2005,Ste Anne Carbonate,5,435.4397513,144.417632,144.417632
Shifted,Protected,2008,Ste Anne Carbonate,5,196.5569412,114.2146227,114.2146227
Shifted,Protected,2011,Ste Anne Carbonate,5,243.6495271,93.40297935,93.40297935
Shifted,Protected,2014,Ste Anne Carbonate,5,303.9292226,95.7121165,95.7121165
Recovering,Protected,1994,Ste Anne Granite,5,471.0808387,115.1515665,115.1515665
Recovering,Protected,2005,Ste Anne Granite,5,1342.94928,411.0876395,411.0876395
Recovering,Protected,2008,Ste Anne Granite,5,988.9057215,212.6998563,212.6998563
Recovering,Protected,2011,Ste Anne Granite,5,848.7665606,203.6025817,203.6025817
Recovering,Protected,2014,Ste Anne Granite,5,1364.449727,360.3916877,360.3916877
Recovering,Protected,2017,Ste Anne Granite,5,1344.916293,286.2751154,286.2751154
Recovering,Protected,1994,Ste Anne Patch,5,348.3676518,148.6709512,148.6709512
Recovering,Protected,2005,Ste Anne Patch,5,18.94475005,24.85436785,24.85436785
Recovering,Protected,2008,Ste Anne Patch,5,41.71395956,32.98051318,32.98051318
Recovering,Protected,2011,Ste Anne Patch,5,672.863996,192.757005,192.757005
Recovering,Protected,2014,Ste Anne Patch,5,960.8277256,255.3870175,255.3870175
Recovering,Protected,2017,Ste Anne Patch,5,1978.942541,699.8444698,699.8444698
Shifted,Protected,1994,Cousin Carbonate,6,649.5199233,219.4352403,219.4352403
Shifted,Protected,2005,Cousin Carbonate,6,610.4227572,211.3633535,211.3633535
Shifted,Protected,2008,Cousin Carbonate,6,1144.240081,272.9302583,272.9302583
Shifted,Protected,2011,Cousin Carbonate,6,699.530598,362.086873,362.086873
Shifted,Protected,2014,Cousin Carbonate,6,1500.130129,417.3700686,417.3700686
Shifted,Protected,1994,Cousin Granite,6,417.1672105,106.4472617,106.4472617
Shifted,Protected,2005,Cousin Granite,6,76.40751923,38.08064247,38.08064247
Shifted,Protected,2008,Cousin Granite,6,1485.851899,372.7398249,372.7398249
Shifted,Protected,2011,Cousin Granite,6,770.6746736,256.4473301,256.4473301
Shifted,Protected,2014,Cousin Granite,6,963.6081679,352.153112,352.153112
Shifted,Protected,1994,Cousin Patch,6,643.97798,167.9408687,167.9408687
Shifted,Protected,2005,Cousin Patch,6,396.0244841,119.3779857,119.3779857
Shifted,Protected,2008,Cousin Patch,6,274.454792,82.11953047,82.11953047
Shifted,Protected,2011,Cousin Patch,6,903.3569428,269.11673,269.11673
Shifted,Protected,2014,Cousin Patch,6,510.1418162,132.0213534,132.0213534
Shifted,Fished,1994,Mahe E Carbonate,6,395.9668734,168.0460015,159.7475536
Shifted,Fished,2005,Mahe E Carbonate,6,203.8228345,55.78610932,54.66406351
Shifted,Fished,2008,Mahe E Carbonate,6,423.1129934,192.7290147,185.5027658
Shifted,Fished,2011,Mahe E Carbonate,6,35.42703104,25.2856219,25.2856219
Shifted,Fished,2014,Mahe E Carbonate,6,163.6668294,77.28610542,76.54465262
Shifted,Fished,2017,Mahe E Carbonate,6,600.7249745,187.8648442,176.8001825
Shifted,Fished,1994,Mahe E Granite,6,177.834514,72.70934566,71.74320869
Shifted,Fished,2005,Mahe E Granite,6,404.6103656,85.47455055,75.49238105
Shifted,Fished,2008,Mahe E Granite,6,395.9216039,90.54797334,82.11784983
Shifted,Fished,2011,Mahe E Granite,6,140.1659042,56.09094456,55.03506459
Shifted,Fished,2014,Mahe E Granite,6,55.22600415,22.6465309,22.28873342
Shifted,Fished,2017,Mahe E Granite,6,1.833204908,1.004353392,1.004353392
Recovering,Fished,1994,Mahe E Patch,6,389.8197854,96.17790786,90.21727377
Recovering,Fished,2005,Mahe E Patch,6,156.5072267,35.50464229,34.78887401
Recovering,Fished,2008,Mahe E Patch,6,764.5686308,247.5219322,234.2685722
Recovering,Fished,2011,Mahe E Patch,6,613.6545061,258.3759695,246.5180173
Recovering,Fished,2014,Mahe E Patch,6,112.5453817,75.32673384,74.45164335
Recovering,Fished,2017,Mahe E Patch,6,706.0139561,138.9463818,131.9930392
Recovering,Protected,1994,Mahe NW Carbonate,6,413.9956795,152.8711625,152.8711625
Recovering,Protected,2005,Mahe NW Carbonate,6,381.4692326,92.05972192,92.05972192
Recovering,Protected,2008,Mahe NW Carbonate,6,505.3985549,167.4626403,167.4626403
Recovering,Protected,2011,Mahe NW Carbonate,6,642.8954377,90.83841351,90.83841351
Recovering,Protected,2014,Mahe NW Carbonate,6,621.3017556,134.3643665,134.3643665
Recovering,Protected,2017,Mahe NW Carbonate,6,652.8847088,304.6019885,304.6019885
Recovering,Fished,1994,Mahe NW Granite,6,404.6642296,106.1517718,102.0100658
Recovering,Fished,2005,Mahe NW Granite,6,53.40193579,18.98160977,18.72560014
Recovering,Fished,2008,Mahe NW Granite,6,378.9120918,116.0807594,111.5678013
Recovering,Fished,2011,Mahe NW Granite,6,753.8246042,176.4712197,163.3946493
Recovering,Fished,2014,Mahe NW Granite,6,281.3634005,122.885903,119.1515153
Recovering,Fished,2017,Mahe NW Granite,6,298.2783987,145.8278901,141.3371063
Recovering,Fished,1994,Mahe NW Patch,6,109.2466258,29.06057987,28.54905824
Recovering,Fished,2005,Mahe NW Patch,6,182.5453819,22.21239638,20.16290913
Recovering,Fished,2008,Mahe NW Patch,6,124.6874237,59.09312422,55.36628136
Recovering,Fished,2011,Mahe NW Patch,6,315.8893811,102.4574357,99.18200185
Recovering,Fished,2014,Mahe NW Patch,6,274.2080337,105.2318962,102.3693319
Recovering,Fished,2017,Mahe NW Patch,6,345.6573474,110.9807483,104.4523686
Recovering,Fished,1994,Mahe W Carbonate,6,343.7382685,56.64606238,53.17168662
Recovering,Fished,2005,Mahe W Carbonate,6,427.1029623,23.07305118,22.09451802
Recovering,Fished,2008,Mahe W Carbonate,6,361.6358439,96.74557035,92.98284702
Recovering,Fished,2011,Mahe W Carbonate,6,713.5517651,179.7488811,171.1695073
Recovering,Fished,2014,Mahe W Carbonate,6,233.1370836,126.4376218,125.3818028
Recovering,Fished,2017,Mahe W Carbonate,6,200.0586583,123.8525322,123.1017062
Recovering,Fished,1994,Mahe W Granite,6,350.0068387,121.7648641,118.0961829
Recovering,Fished,2005,Mahe W Granite,6,124.8558382,53.4067921,52.85101158
Recovering,Fished,2008,Mahe W Granite,6,295.8833024,110.1754715,107.0449543
Recovering,Fished,2011,Mahe W Granite,6,619.7473432,178.7375648,170.9352894
Recovering,Fished,2014,Mahe W Granite,6,417.4552382,115.2281231,108.6736357
Recovering,Fished,2017,Mahe W Granite,6,364.4921982,144.2209627,139.9103468
Recovering,Fished,1994,Mahe W Patch,6,386.1254511,90.46881208,84.69097341
Recovering,Fished,2005,Mahe W Patch,6,188.1748951,40.86811425,39.38356243
Recovering,Fished,2008,Mahe W Patch,6,205.2150024,117.5322156,116.8385026
Recovering,Fished,2011,Mahe W Patch,6,330.7333335,111.6725113,110.1841465
Recovering,Fished,2014,Mahe W Patch,6,329.7792826,97.53285366,95.59761649
Recovering,Fished,2017,Mahe W Patch,6,454.2497935,174.8685158,171.8661787
Shifted,Fished,1994,Praslin NE Carbonate,6,491.0428707,229.3533978,223.9965817
Shifted,Fished,2005,Praslin NE Carbonate,6,212.4772852,66.40296833,56.80993694
Shifted,Fished,2008,Praslin NE Carbonate,6,13.89476106,8.013714399,8.013714399
Shifted,Fished,2011,Praslin NE Carbonate,6,42.59025752,43.97623412,43.97623412
Shifted,Fished,2014,Praslin NE Carbonate,6,119.368762,78.29344505,72.59446969
Shifted,Fished,2017,Praslin NE Carbonate,6,13.92715434,14.54030246,14.54030246
Recovering,Protected,1994,Praslin NE Granite,6,325.0100194,76.22841154,76.22841154
Recovering,Protected,2005,Praslin NE Granite,6,544.7413152,127.4132556,127.4132556
Recovering,Protected,2008,Praslin NE Granite,6,334.3938686,140.3728448,140.3728448
Recovering,Protected,2011,Praslin NE Granite,6,770.7313945,227.9470135,227.9470135
Recovering,Protected,2014,Praslin NE Granite,6,581.8539206,167.8989162,167.8989162
Recovering,Protected,2017,Praslin NE Granite,6,742.8762964,257.5004353,257.5004353
Recovering,Protected,1994,Praslin NE Patch,6,266.3451855,70.27376941,70.27376941
Recovering,Protected,2005,Praslin NE Patch,6,380.9703338,93.72990667,93.72990667
Recovering,Protected,2008,Praslin NE Patch,6,346.435682,56.4920167,56.4920167
Recovering,Protected,2011,Praslin NE Patch,6,477.4665113,147.4915031,147.4915031
Recovering,Protected,2014,Praslin NE Patch,6,238.5321262,86.25759223,86.25759223
Recovering,Protected,2017,Praslin NE Patch,6,127.4636264,54.18147277,54.18147277
Shifted,Fished,1994,Praslin SW Carbonate,6,251.1437535,105.3304883,105.0304949
Shifted,Fished,2005,Praslin SW Carbonate,6,13.42155971,15.70862758,15.70862758
Shifted,Fished,2008,Praslin SW Carbonate,6,119.9595226,93.35736106,93.19799625
Shifted,Fished,2011,Praslin SW Carbonate,6,299.9220281,159.5674475,156.2994988
Shifted,Fished,2014,Praslin SW Carbonate,6,435.2120788,194.8652091,184.5246239
Shifted,Fished,2017,Praslin SW Carbonate,6,305.8385522,122.3760841,118.0180274
Recovering,Fished,1994,Praslin SW Granite,6,455.0304821,108.3004866,103.6452918
Recovering,Fished,2005,Praslin SW Granite,6,285.9815215,127.6169866,124.5985587
Recovering,Fished,2008,Praslin SW Granite,6,1353.937252,248.9312523,223.374815
Recovering,Fished,2011,Praslin SW Granite,6,384.2889396,155.4937471,148.9669271
Recovering,Fished,2014,Praslin SW Granite,6,729.2100064,201.0435936,192.5876935
Recovering,Fished,2017,Praslin SW Granite,6,772.973724,293.1573593,284.8396838
Shifted,Fished,1994,Praslin SW Patch,6,250.9023799,86.82929074,84.24757451
Shifted,Fished,2005,Praslin SW Patch,6,50.25015611,47.03622805,47.03622805
Shifted,Fished,2008,Praslin SW Patch,6,878.3467295,275.7884252,262.3083827
Shifted,Fished,2011,Praslin SW Patch,6,434.2974612,137.1969643,132.9207346
Shifted,Fished,2014,Praslin SW Patch,6,101.1519543,38.55220888,38.2727471
Shifted,Fished,2017,Praslin SW Patch,6,971.8983115,273.5568709,252.0504108
Shifted,Protected,1994,Ste Anne Carbonate,6,936.5564211,259.1981731,259.1981731
Shifted,Protected,2005,Ste Anne Carbonate,6,1024.033727,278.6605326,278.6605326
Shifted,Protected,2008,Ste Anne Carbonate,6,520.4694629,204.1127273,204.1127273
Shifted,Protected,2011,Ste Anne Carbonate,6,77.86754488,37.34364606,37.34364606
Shifted,Protected,2014,Ste Anne Carbonate,6,371.2611853,162.0921648,162.0921648
Recovering,Protected,1994,Ste Anne Granite,6,374.7408847,138.0740229,138.0740229
Recovering,Protected,2005,Ste Anne Granite,6,968.7729817,299.7549001,299.7549001
Recovering,Protected,2008,Ste Anne Granite,6,1013.678157,269.5461365,269.5461365
Recovering,Protected,2011,Ste Anne Granite,6,943.5231414,387.3944946,387.3944946
Recovering,Protected,2014,Ste Anne Granite,6,666.4249808,179.9108871,179.9108871
Recovering,Protected,2017,Ste Anne Granite,6,947.6623287,261.5996383,261.5996383
Recovering,Protected,1994,Ste Anne Patch,6,581.4731777,155.3697911,155.3697911
Recovering,Protected,2005,Ste Anne Patch,6,385.4501338,102.0475953,102.0475953
Recovering,Protected,2008,Ste Anne Patch,6,25.16075252,34.43952077,34.43952077
Recovering,Protected,2011,Ste Anne Patch,6,833.7917325,173.3039989,173.3039989
Recovering,Protected,2014,Ste Anne Patch,6,525.6595897,230.9484743,230.9484743
Recovering,Protected,2017,Ste Anne Patch,6,678.0548486,171.1693141,171.1693141
Shifted,Protected,1994,Cousin Carbonate,7,671.2731347,226.9440726,226.9440726
Shifted,Protected,2005,Cousin Carbonate,7,1329.546308,265.1670241,265.1670241
Shifted,Protected,2008,Cousin Carbonate,7,928.2289949,269.8171245,269.8171245
Shifted,Protected,2011,Cousin Carbonate,7,959.6583354,336.5084179,336.5084179
Shifted,Protected,2014,Cousin Carbonate,7,876.0310265,393.772293,393.772293
Shifted,Protected,1994,Cousin Granite,7,950.6612376,299.6840585,299.6840585
Shifted,Protected,2005,Cousin Granite,7,663.605611,140.4671354,140.4671354
Shifted,Protected,2008,Cousin Granite,7,532.073748,146.3182284,146.3182284
Shifted,Protected,2011,Cousin Granite,7,1065.565015,321.3443232,321.3443232
Shifted,Protected,2014,Cousin Granite,7,971.3759231,354.636784,354.636784
Shifted,Protected,1994,Cousin Patch,7,594.0122385,183.2582937,183.2582937
Shifted,Protected,2005,Cousin Patch,7,349.9595222,150.5517317,150.5517317
Shifted,Protected,2008,Cousin Patch,7,484.0079147,228.6921239,228.6921239
Shifted,Protected,2011,Cousin Patch,7,1058.54172,281.1375669,281.1375669
Shifted,Protected,2014,Cousin Patch,7,425.2929299,108.978092,108.978092
Shifted,Fished,1994,Mahe E Carbonate,7,235.5940722,71.62435074,68.51626032
Shifted,Fished,2005,Mahe E Carbonate,7,150.7463884,81.73779252,80.10136051
Shifted,Fished,2008,Mahe E Carbonate,7,362.7252992,161.2504011,157.4341264
Shifted,Fished,2011,Mahe E Carbonate,7,45.23749637,26.87624613,26.87624613
Shifted,Fished,2014,Mahe E Carbonate,7,110.7961901,44.32200495,42.75989472
Shifted,Fished,2017,Mahe E Carbonate,7,272.8355633,99.81580359,97.16789409
Shifted,Fished,1994,Mahe E Granite,7,119.8206883,58.08005032,57.49249239
Shifted,Fished,2005,Mahe E Granite,7,91.40218226,62.62837357,62.33790016
Shifted,Fished,2008,Mahe E Granite,7,555.5912995,182.1737403,176.8727416
Shifted,Fished,2011,Mahe E Granite,7,451.9169417,132.7518826,129.219436
Shifted,Fished,2014,Mahe E Granite,7,875.1375997,288.0928484,271.2972269
Shifted,Fished,2017,Mahe E Granite,7,67.96123068,27.43182234,25.96684578
Recovering,Fished,1994,Mahe E Patch,7,322.6609847,132.5012357,125.0098213
Recovering,Fished,2005,Mahe E Patch,7,446.3201115,98.47516361,95.68827174
Recovering,Fished,2008,Mahe E Patch,7,1088.632638,287.6197179,266.2122605
Recovering,Fished,2011,Mahe E Patch,7,541.9505815,221.9804075,214.1355849
Recovering,Fished,2014,Mahe E Patch,7,292.4912939,111.4246169,105.9001304
Recovering,Fished,2017,Mahe E Patch,7,903.9366625,314.2002988,288.996577
Recovering,Protected,1994,Mahe NW Carbonate,7,281.545666,106.0050069,106.0050069
Recovering,Protected,2005,Mahe NW Carbonate,7,603.9569739,98.52992857,98.52992857
Recovering,Protected,2008,Mahe NW Carbonate,7,597.5918784,142.1928314,142.1928314
Recovering,Protected,2011,Mahe NW Carbonate,7,1059.342458,226.8657297,226.8657297
Recovering,Protected,2014,Mahe NW Carbonate,7,182.7502679,129.609399,129.609399
Recovering,Protected,2017,Mahe NW Carbonate,7,719.9813865,253.2084782,253.2084782
Recovering,Fished,1994,Mahe NW Granite,7,305.8980019,159.5713415,157.9985183
Recovering,Fished,2005,Mahe NW Granite,7,179.9277231,53.92234971,53.1209613
Recovering,Fished,2008,Mahe NW Granite,7,629.4050666,145.6981339,140.077046
Recovering,Fished,2011,Mahe NW Granite,7,750.2400079,254.7480129,244.8376787
Recovering,Fished,2014,Mahe NW Granite,7,435.3169548,129.21285,126.720663
Recovering,Fished,2017,Mahe NW Granite,7,341.4792006,83.07246142,79.75906109
Recovering,Fished,1994,Mahe NW Patch,7,103.446465,33.19618524,32.42876595
Recovering,Fished,2005,Mahe NW Patch,7,90.76869286,26.775361,25.82825643
Recovering,Fished,2008,Mahe NW Patch,7,102.6890026,31.73200473,31.12618639
Recovering,Fished,2011,Mahe NW Patch,7,404.6126791,116.7122278,112.606012
Recovering,Fished,2014,Mahe NW Patch,7,516.9628832,155.9646978,150.8562799
Recovering,Fished,2017,Mahe NW Patch,7,274.8429921,80.42752202,77.74858319
Recovering,Fished,1994,Mahe W Carbonate,7,415.4926801,52.32670803,49.84909224
Recovering,Fished,2005,Mahe W Carbonate,7,272.2362051,35.9541552,34.32931827
Recovering,Fished,2008,Mahe W Carbonate,7,282.2104537,83.60108469,79.2266799
Recovering,Fished,2011,Mahe W Carbonate,7,1073.000064,198.2145314,182.0890042
Recovering,Fished,2014,Mahe W Carbonate,7,228.1711813,88.34864709,87.08535385
Recovering,Fished,2017,Mahe W Carbonate,7,648.1581336,239.2043341,233.3904746
Recovering,Fished,1994,Mahe W Granite,7,302.4869253,109.2733665,106.8154517
Recovering,Fished,2005,Mahe W Granite,7,316.1687599,135.8744173,131.9624967
Recovering,Fished,2008,Mahe W Granite,7,358.5945309,69.66762256,63.47638509
Recovering,Fished,2011,Mahe W Granite,7,702.9813159,174.4949519,166.542983
Recovering,Fished,2014,Mahe W Granite,7,657.0517687,118.5492862,111.8587751
Recovering,Fished,2017,Mahe W Granite,7,496.8760709,167.6061322,162.7017279
Recovering,Fished,1994,Mahe W Patch,7,411.3322223,117.9256609,107.508805
Recovering,Fished,2005,Mahe W Patch,7,380.3657874,39.90151384,38.65672581
Recovering,Fished,2008,Mahe W Patch,7,73.58296066,48.37513617,48.37513617
Recovering,Fished,2011,Mahe W Patch,7,684.4253159,214.3120305,206.0294159
Recovering,Fished,2014,Mahe W Patch,7,299.114691,107.5609455,105.1361094
Recovering,Fished,2017,Mahe W Patch,7,512.0500339,222.9756814,216.5251156
Shifted,Fished,1994,Praslin NE Carbonate,7,333.9388608,110.427046,103.9252258
Shifted,Fished,2005,Praslin NE Carbonate,7,590.2678767,83.14937434,80.05408608
Shifted,Fished,2008,Praslin NE Carbonate,7,117.2284652,65.47272578,63.31681158
Shifted,Fished,2011,Praslin NE Carbonate,7,34.42524025,39.54199617,39.54199617
Shifted,Fished,2014,Praslin NE Carbonate,7,67.32818791,38.71921391,34.3613918
Shifted,Fished,2017,Praslin NE Carbonate,7,163.5827529,42.57114553,41.15446261
Recovering,Protected,1994,Praslin NE Granite,7,280.9190419,62.94723384,62.94723384
Recovering,Protected,2005,Praslin NE Granite,7,674.1135927,175.9093073,175.9093073
Recovering,Protected,2008,Praslin NE Granite,7,633.1981518,240.5398703,240.5398703
Recovering,Protected,2011,Praslin NE Granite,7,679.1968311,242.941124,242.941124
Recovering,Protected,2014,Praslin NE Granite,7,699.2550463,214.1583531,214.1583531
Recovering,Protected,2017,Praslin NE Granite,7,1039.760112,402.0597064,402.0597064
Recovering,Protected,1994,Praslin NE Patch,7,332.2066658,91.07381085,91.07381085
Recovering,Protected,2005,Praslin NE Patch,7,130.7303095,52.54887136,52.54887136
Recovering,Protected,2008,Praslin NE Patch,7,466.2072396,72.73582412,72.73582412
Recovering,Protected,2011,Praslin NE Patch,7,470.5084186,128.6306031,128.6306031
Recovering,Protected,2014,Praslin NE Patch,7,117.4752004,55.66183715,55.66183715
Recovering,Protected,2017,Praslin NE Patch,7,345.222595,113.2544068,113.2544068
Shifted,Fished,1994,Praslin SW Carbonate,7,397.787893,179.2958584,175.4600681
Shifted,Fished,2005,Praslin SW Carbonate,7,121.6802335,39.22105277,36.23750988
Shifted,Fished,2008,Praslin SW Carbonate,7,275.0647848,86.88257453,74.55618718
Shifted,Fished,2011,Praslin SW Carbonate,7,195.7672601,108.0504258,106.6343827
Shifted,Fished,2014,Praslin SW Carbonate,7,803.4918407,340.450743,323.7263195
Shifted,Fished,2017,Praslin SW Carbonate,7,409.4860221,176.3021266,171.8330098
Recovering,Fished,1994,Praslin SW Granite,7,311.8649261,72.61796002,66.16504672
Recovering,Fished,2005,Praslin SW Granite,7,100.4523646,53.77483218,53.60554824
Recovering,Fished,2008,Praslin SW Granite,7,1153.558578,214.8344135,190.2008296
Recovering,Fished,2011,Praslin SW Granite,7,1141.122647,319.2986204,304.5168029
Recovering,Fished,2014,Praslin SW Granite,7,534.9807716,228.4777948,215.9301689
Recovering,Fished,2017,Praslin SW Granite,7,668.4900591,246.1881721,238.305632
Shifted,Fished,1994,Praslin SW Patch,7,185.1694517,113.8556697,112.5523432
Shifted,Fished,2005,Praslin SW Patch,7,58.51432239,40.6731219,40.6731219
Shifted,Fished,2008,Praslin SW Patch,7,1013.008287,254.4534851,244.7002281
Shifted,Fished,2011,Praslin SW Patch,7,335.8455555,134.8856372,130.5500748
Shifted,Fished,2014,Praslin SW Patch,7,583.569728,121.0557112,114.5230337
Shifted,Fished,2017,Praslin SW Patch,7,758.4775074,209.8452192,195.3149716
Shifted,Protected,1994,Ste Anne Carbonate,7,326.4836942,128.1798896,128.1798896
Shifted,Protected,2005,Ste Anne Carbonate,7,548.244943,125.6420869,125.6420869
Shifted,Protected,2008,Ste Anne Carbonate,7,345.5276147,181.1040738,181.1040738
Shifted,Protected,2011,Ste Anne Carbonate,7,243.5836448,187.8243893,187.8243893
Shifted,Protected,2014,Ste Anne Carbonate,7,374.3410284,223.7196964,223.7196964
Recovering,Protected,1994,Ste Anne Granite,7,533.9854868,111.2358105,111.2358105
Recovering,Protected,2005,Ste Anne Granite,7,482.8116745,80.44912591,80.44912591
Recovering,Protected,2008,Ste Anne Granite,7,1280.732697,331.8708505,331.8708505
Recovering,Protected,2011,Ste Anne Granite,7,1023.427601,350.6965402,350.6965402
Recovering,Protected,2014,Ste Anne Granite,7,856.4716137,144.7738625,144.7738625
Recovering,Protected,2017,Ste Anne Granite,7,738.7452589,191.7454962,191.7454962
Recovering,Protected,1994,Ste Anne Patch,7,616.0073257,137.8381633,137.8381633
Recovering,Protected,2005,Ste Anne Patch,7,256.2862528,93.68442604,93.68442604
Recovering,Protected,2008,Ste Anne Patch,7,260.407516,112.841832,112.841832
Recovering,Protected,2011,Ste Anne Patch,7,239.0585856,116.859999,116.859999
Recovering,Protected,2014,Ste Anne Patch,7,1200.329018,346.7042293,346.7042293
Recovering,Protected,2017,Ste Anne Patch,7,1211.055358,345.8863805,345.8863805
Shifted,Protected,1994,Cousin Carbonate,8,730.6219847,173.1357894,173.1357894
Shifted,Protected,2005,Cousin Carbonate,8,1362.428699,235.9505513,235.9505513
Shifted,Protected,2008,Cousin Carbonate,8,553.4164425,207.6806551,207.6806551
Shifted,Protected,2011,Cousin Carbonate,8,1078.310203,314.4169648,314.4169648
Shifted,Protected,2014,Cousin Carbonate,8,269.9468334,108.4392464,108.4392464
Shifted,Protected,1994,Cousin Granite,8,281.7704801,101.74646,101.74646
Shifted,Protected,2005,Cousin Granite,8,755.4003807,145.6949546,145.6949546
Shifted,Protected,2008,Cousin Granite,8,649.2931697,212.5977448,212.5977448
Shifted,Protected,2011,Cousin Granite,8,339.7368136,112.2507081,112.2507081
Shifted,Protected,2014,Cousin Granite,8,597.2823553,254.6002267,254.6002267
Shifted,Protected,1994,Cousin Patch,8,862.2687895,180.1907144,180.1907144
Shifted,Protected,2005,Cousin Patch,8,1179.667418,225.7250827,225.7250827
Shifted,Protected,2008,Cousin Patch,8,895.559079,467.414653,467.414653
Shifted,Protected,2011,Cousin Patch,8,1383.4771,349.3504486,349.3504486
Shifted,Protected,2014,Cousin Patch,8,1072.369841,437.8356317,437.8356317
Shifted,Fished,1994,Mahe E Carbonate,8,151.795513,80.48499202,79.78008633
Shifted,Fished,2005,Mahe E Carbonate,8,256.4170982,103.7336801,101.929858
Shifted,Fished,2008,Mahe E Carbonate,8,377.3306791,118.7013358,113.8286177
Shifted,Fished,2011,Mahe E Carbonate,8,848.4425798,225.5365079,213.5306619
Shifted,Fished,2014,Mahe E Carbonate,8,412.4880198,157.1517443,148.9292386
Shifted,Fished,2017,Mahe E Carbonate,8,126.7868963,26.7602999,25.88956328
Shifted,Fished,1994,Mahe E Granite,8,162.1053193,61.25678718,60.2662827
Shifted,Fished,2005,Mahe E Granite,8,438.4107996,91.3795287,88.36665939
Shifted,Fished,2008,Mahe E Granite,8,660.5795976,178.7218008,172.7606081
Shifted,Fished,2011,Mahe E Granite,8,361.1128321,178.4781057,175.2771626
Shifted,Fished,2014,Mahe E Granite,8,420.0436593,132.7345548,127.2465438
Shifted,Fished,2017,Mahe E Granite,8,433.5123845,161.7832223,153.4095569
Recovering,Fished,1994,Mahe E Patch,8,685.7680215,186.3116558,172.8422593
Recovering,Fished,2005,Mahe E Patch,8,246.3645464,78.88070529,76.26826442
Recovering,Fished,2008,Mahe E Patch,8,471.5608559,174.1390696,167.3169448
Recovering,Fished,2011,Mahe E Patch,8,551.5301863,233.7666917,223.3330585
Recovering,Fished,2014,Mahe E Patch,8,416.2507411,156.5708955,151.3385731
Recovering,Fished,2017,Mahe E Patch,8,784.3430691,253.6026691,238.6641912
Recovering,Protected,1994,Mahe NW Carbonate,8,365.7057915,143.0458039,143.0458039
Recovering,Protected,2005,Mahe NW Carbonate,8,361.5152251,102.3703399,102.3703399
Recovering,Protected,2008,Mahe NW Carbonate,8,251.9186119,91.40281454,91.40281454
Recovering,Protected,2011,Mahe NW Carbonate,8,658.5664303,111.0196586,111.0196586
Recovering,Protected,2014,Mahe NW Carbonate,8,334.9638458,110.8005309,110.8005309
Recovering,Protected,2017,Mahe NW Carbonate,8,842.2297751,308.4876923,308.4876923
Recovering,Fished,1994,Mahe NW Granite,8,172.9941383,67.01551222,64.53537604
Recovering,Fished,2005,Mahe NW Granite,8,179.3232511,37.66345152,36.60920853
Recovering,Fished,2008,Mahe NW Granite,8,684.3894799,148.9142108,139.8482129
Recovering,Fished,2011,Mahe NW Granite,8,412.2057973,148.0638842,140.8685383
Recovering,Fished,2014,Mahe NW Granite,8,304.8325124,105.8975384,102.3516068
Recovering,Fished,2017,Mahe NW Granite,8,1027.298869,285.8757848,266.8894058
Recovering,Fished,1994,Mahe NW Patch,8,133.7165015,40.69697612,40.69040635
Recovering,Fished,2005,Mahe NW Patch,8,207.7769771,59.96041747,55.8806839
Recovering,Fished,2008,Mahe NW Patch,8,237.8548581,79.95519152,76.78801819
Recovering,Fished,2011,Mahe NW Patch,8,199.0325939,83.58511311,83.02266919
Recovering,Fished,2014,Mahe NW Patch,8,442.9552957,119.7631994,114.9737776
Recovering,Fished,2017,Mahe NW Patch,8,352.3854216,133.255203,129.6574064
Recovering,Fished,1994,Mahe W Carbonate,8,171.8626088,38.19367548,36.49803
Recovering,Fished,2005,Mahe W Carbonate,8,282.2823653,91.41505183,88.1477943
Recovering,Fished,2008,Mahe W Carbonate,8,323.1134966,121.6255179,116.5834812
Recovering,Fished,2011,Mahe W Carbonate,8,1472.51887,196.0279442,180.5738194
Recovering,Fished,2014,Mahe W Carbonate,8,93.51531941,68.69333559,68.69333559
Recovering,Fished,2017,Mahe W Carbonate,8,379.2636307,139.2309193,136.3191562
Recovering,Fished,1994,Mahe W Granite,8,167.0992875,51.51977404,49.64965871
Recovering,Fished,2005,Mahe W Granite,8,487.7117642,60.13240458,58.51725529
Recovering,Fished,2008,Mahe W Granite,8,448.9214146,117.0039271,109.1998095
Recovering,Fished,2011,Mahe W Granite,8,219.4857275,61.35950581,59.35773799
Recovering,Fished,2014,Mahe W Granite,8,455.3981271,122.2073274,118.4271032
Recovering,Fished,2017,Mahe W Granite,8,587.2618737,145.5111275,139.0263515
Recovering,Fished,1994,Mahe W Patch,8,153.8233767,23.49931754,22.87396866
Recovering,Fished,2005,Mahe W Patch,8,55.38257865,25.25826557,25.18902122
Recovering,Fished,2008,Mahe W Patch,8,708.4854017,64.61673083,62.88224178
Recovering,Fished,2011,Mahe W Patch,8,505.9562111,117.5020964,114.1907659
Recovering,Fished,2014,Mahe W Patch,8,423.9675926,180.2030725,175.2085186
Recovering,Fished,2017,Mahe W Patch,8,573.6358662,305.1136074,299.6477497
Shifted,Fished,1994,Praslin NE Carbonate,8,185.2465321,57.79958169,55.14292683
Shifted,Fished,2005,Praslin NE Carbonate,8,454.4969142,178.6314719,161.9503373
Shifted,Fished,2008,Praslin NE Carbonate,8,37.444936,28.42558478,28.42558478
Shifted,Fished,2011,Praslin NE Carbonate,8,123.6694193,105.9297268,105.682918
Shifted,Fished,2014,Praslin NE Carbonate,8,112.991731,101.5280699,101.4093371
Shifted,Fished,2017,Praslin NE Carbonate,8,449.5761465,37.45245704,36.3274529
Recovering,Protected,1994,Praslin NE Granite,8,210.1264939,44.66142793,44.66142793
Recovering,Protected,2005,Praslin NE Granite,8,344.8309976,138.7433607,138.7433607
Recovering,Protected,2008,Praslin NE Granite,8,642.7430886,199.0891216,199.0891216
Recovering,Protected,2011,Praslin NE Granite,8,999.5682322,309.3828338,309.3828338
Recovering,Protected,2014,Praslin NE Granite,8,376.5248482,175.1368039,175.1368039
Recovering,Protected,2017,Praslin NE Granite,8,570.4090874,198.1521396,198.1521396
Recovering,Protected,1994,Praslin NE Patch,8,220.2343713,59.49393162,59.49393162
Recovering,Protected,2005,Praslin NE Patch,8,345.431974,148.0987736,148.0987736
Recovering,Protected,2008,Praslin NE Patch,8,330.625134,93.41974097,93.41974097
Recovering,Protected,2011,Praslin NE Patch,8,903.5436608,228.5618387,228.5618387
Recovering,Protected,2014,Praslin NE Patch,8,154.617511,84.50995596,84.50995596
Recovering,Protected,2017,Praslin NE Patch,8,127.6833562,49.53059041,49.53059041
Shifted,Fished,1994,Praslin SW Carbonate,8,306.9652469,99.50993404,98.38427831
Shifted,Fished,2005,Praslin SW Carbonate,8,904.5598629,366.3754143,341.3381613
Shifted,Fished,2008,Praslin SW Carbonate,8,153.6891001,98.64776366,97.58046912
Shifted,Fished,2011,Praslin SW Carbonate,8,56.0347525,40.30314125,40.30314125
Shifted,Fished,2014,Praslin SW Carbonate,8,958.9658889,481.4037957,458.7751657
Shifted,Fished,2017,Praslin SW Carbonate,8,998.0771289,423.1681131,394.7882737
Recovering,Fished,1994,Praslin SW Granite,8,136.8809083,63.62895099,63.3665057
Recovering,Fished,2005,Praslin SW Granite,8,331.3385513,58.44096336,54.0686757
Recovering,Fished,2008,Praslin SW Granite,8,1397.360436,533.3325359,486.7343551
Recovering,Fished,2011,Praslin SW Granite,8,436.9550748,171.3216765,165.3403475
Recovering,Fished,2014,Praslin SW Granite,8,462.369907,131.7845318,126.0234699
Recovering,Fished,2017,Praslin SW Granite,8,823.0044248,210.0205464,195.8027051
Shifted,Fished,1994,Praslin SW Patch,8,251.063797,127.0357531,119.4342246
Shifted,Fished,2005,Praslin SW Patch,8,189.4493887,88.56564107,83.58350617
Shifted,Fished,2008,Praslin SW Patch,8,685.8535206,202.4070011,194.1322032
Shifted,Fished,2011,Praslin SW Patch,8,317.8008286,87.05617189,84.41045092
Shifted,Fished,2014,Praslin SW Patch,8,666.1611012,196.9154799,194.6086724
Shifted,Fished,2017,Praslin SW Patch,8,610.5125847,205.8483907,199.4430347
Shifted,Protected,1994,Ste Anne Carbonate,8,674.4881152,195.3937694,195.3937694
Shifted,Protected,2005,Ste Anne Carbonate,8,293.675581,67.60004075,67.60004075
Shifted,Protected,2008,Ste Anne Carbonate,8,163.8288471,82.20290484,82.20290484
Shifted,Protected,2011,Ste Anne Carbonate,8,326.4316502,139.7001435,139.7001435
Shifted,Protected,2014,Ste Anne Carbonate,8,528.3953085,251.4765596,251.4765596
Recovering,Protected,1994,Ste Anne Granite,8,449.5172296,125.9843195,125.9843195
Recovering,Protected,2005,Ste Anne Granite,8,926.4573513,206.6744009,206.6744009
Recovering,Protected,2008,Ste Anne Granite,8,1319.848725,316.9743484,316.9743484
Recovering,Protected,2011,Ste Anne Granite,8,557.8113143,165.4513554,165.4513554
Recovering,Protected,2014,Ste Anne Granite,8,921.7433932,293.6628827,293.6628827
Recovering,Protected,2017,Ste Anne Granite,8,1003.939891,341.7435329,341.7435329
Recovering,Protected,1994,Ste Anne Patch,8,551.8407287,130.6814342,130.6814342
Recovering,Protected,2005,Ste Anne Patch,8,264.017664,93.75412004,93.75412004
Recovering,Protected,2008,Ste Anne Patch,8,492.9605994,191.6431254,191.6431254
Recovering,Protected,2011,Ste Anne Patch,8,341.2629197,152.1423529,152.1423529
Recovering,Protected,2014,Ste Anne Patch,8,739.3090735,232.642039,232.642039
Recovering,Protected,2017,Ste Anne Patch,8,851.4656275,245.279182,245.279182
